tanggal,CDS_CBIN_5Y,CDS_CBIN_10Y
2017-12-20,88.47,156.315
2017-12-21,86.87,154.02
2017-12-22,86.4,155.215
2017-12-25,86.4,155.265
2017-12-26,86.22,155.03
2017-12-27,86.33,155.945
2017-12-28,85.345,154.655
2017-12-29,84.875,154.085
2018-01-02,85.47,154.4
2018-01-03,84.485,151.785
2018-01-04,83.055,150.36
2018-01-05,79.595,144.93
2018-01-08,78.19,142.26
2018-01-09,76.715,141.635
2018-01-10,78.31,139.43
2018-01-11,78.325,141.735
2018-01-12,78.865,141.325
2018-01-15,79.575,143.46
2018-01-16,78.775,142.735
2018-01-17,79.665,143.84
2018-01-18,79.905,144.57
2018-01-19,80.675,145.56
2018-01-22,81.06,146.935
2018-01-23,80.085,144.75
2018-01-24,78.88,140.645
2018-01-25,80.0,143.7
2018-01-26,78.68,141.775
2018-01-29,79.93,141.905
2018-01-30,83.065,144.95
2018-01-31,81.365,144.935
2018-02-01,80.71,143.475
2018-02-02,83.58,147.305
2018-02-05,83.99,147.735
2018-02-06,86.17,157.5
2018-02-07,84.805,149.65
2018-02-08,90.845,151.945
2018-02-09,100.43,164.485
2018-02-12,93.445,162.89
2018-02-13,93.31,158.935
2018-02-14,90.96,158.82
2018-02-15,87.88,154.495
2018-02-16,85.54,151.365
2018-02-19,84.66,150.575
2018-02-20,87.41,151.5
2018-02-21,88.13,152.3
2018-02-22,88.795,153.095
2018-02-23,88.105,152.63
2018-02-26,85.115,150.5
2018-02-27,85.28,150.74
2018-02-28,85.01,150.28
2018-03-01,87.365,151.42
2018-03-02,88.01,152.52
2018-03-05,87.035,153.76
2018-03-06,86.35,152.78
2018-03-07,90.35,156.67
2018-03-08,89.715,156.96
2018-03-09,88.52,155.365
2018-03-12,87.14,153.64
2018-03-13,87.375,153.61
2018-03-14,88.975,156.875
2018-03-15,90.645,159.185
2018-03-16,89.635,157.81
2018-03-19,92.575,157.025
2018-03-20,102.52,169.795
2018-03-21,102.06,170.015
2018-03-22,104.16,170.665
2018-03-23,107.255,174.865
2018-03-26,105.585,172.66
2018-03-27,102.175,168.115
2018-03-28,103.395,169.82
2018-03-29,100.76,166.01
2018-04-02,103.95,170.175
2018-04-03,101.665,167.165
2018-04-04,101.725,167.165
2018-04-05,99.58,164.32
2018-04-06,101.14,166.3
2018-04-09,100.27,167.4
2018-04-10,98.835,166.88
2018-04-11,101.315,170.17
2018-04-12,100.71,172.465
2018-04-13,97.02,166.65
2018-04-16,97.065,166.2
2018-04-17,96.095,165.1
2018-04-18,96.335,165.135
2018-04-19,98.105,167.04
2018-04-20,99.27,168.515
2018-04-23,102.39,172.6
2018-04-24,101.81,173.86
2018-04-25,106.715,178.77
2018-04-26,105.755,178.94
2018-04-27,105.875,178.055
2018-04-30,104.23,176.4
2018-05-01,105.99,178.785
2018-05-02,108.27,180.845
2018-05-03,114.47,187.535
2018-05-04,115.92,198.94
2018-05-07,126.63,203.74
2018-05-08,129.825,207.82
2018-05-09,128.275,211.42
2018-05-10,116.58,195.835
2018-05-11,114.32,192.85
2018-05-14,112.645,190.535
2018-05-15,120.52,196.23
2018-05-16,119.86,201.02
2018-05-17,122.81,204.9
2018-05-18,125.195,208.005
2018-05-21,125.14,202.29
2018-05-22,119.675,195.205
2018-05-23,122.24,201.91
2018-05-24,118.845,196.9
2018-05-25,117.22,194.785
2018-05-28,112.345,188.335
2018-05-29,117.89,193.34
2018-05-30,118.115,193.835
2018-05-31,121.51,198.22
2018-06-01,122.705,199.75
2018-06-04,122.68,201.78
2018-06-05,122.84,200.05
2018-06-06,125.47,204.58
2018-06-07,125.385,203.17
2018-06-08,128.95,207.865
2018-06-11,127.565,210.225
2018-06-12,126.29,205.115
2018-06-13,127.54,205.27
2018-06-14,127.255,204.86
2018-06-15,130.045,208.535
2018-06-18,133.405,212.82
2018-06-19,138.39,219.175
2018-06-20,133.06,212.42
2018-06-21,135.97,215.525
2018-06-22,130.75,214.635
2018-06-25,135.835,214.37
2018-06-26,134.5,212.665
2018-06-27,138.17,216.34
2018-06-28,142.595,221.98
2018-06-29,136.07,219.68
2018-07-02,141.59,226.73
2018-07-03,136.45,220.09
2018-07-04,133.845,216.765
2018-07-05,132.91,221.045
2018-07-06,133.665,222.015
2018-07-09,125.805,210.275
2018-07-10,123.535,207.195
2018-07-11,126.52,211.115
2018-07-12,122.595,205.965
2018-07-13,119.75,199.945
2018-07-16,116.93,195.715
2018-07-17,116.325,194.855
2018-07-18,115.545,193.78
2018-07-19,118.77,198.005
2018-07-20,118.945,198.285
2018-07-23,115.645,193.775
2018-07-24,113.28,190.5
2018-07-25,108.855,178.235
2018-07-26,106.53,175.17
2018-07-27,107.71,184.92
2018-07-30,110.315,188.695
2018-07-31,111.775,190.605
2018-08-01,114.635,194.465
2018-08-02,118.145,193.93
2018-08-03,116.345,191.6
2018-08-06,114.65,196.075
2018-08-07,110.239,191.115
2018-08-08,112.795,193.515
2018-08-09,113.275,194.18
2018-08-10,120.02,203.34
2018-08-13,124.47,209.315
2018-08-14,122.51,206.705
2018-08-15,127.095,212.725
2018-08-16,123.92,210.725
2018-08-17,124.825,211.885
2018-08-20,122.725,209.02
2018-08-21,119.87,205.285
2018-08-22,119.475,201.915
2018-08-23,121.055,204.04
2018-08-24,119.78,202.315
2018-08-27,115.765,199.975
2018-08-28,115.305,198.635
2018-08-29,118.05,202.65
2018-08-30,122.525,202.575
2018-08-31,127.325,208.83
2018-09-03,130.615,216.14
2018-09-04,143.245,224.99
2018-09-05,144.825,229.83
2018-09-06,141.745,225.925
2018-09-07,141.32,221.26
2018-09-10,143.685,224.71
2018-09-11,142.83,223.98
2018-09-12,141.07,225.72
2018-09-13,134.295,217.145
2018-09-14,133.565,216.185
2018-09-17,136.405,219.685
2018-09-18,134.165,216.835
2018-09-19,133.16,215.41
2018-09-20,139.655,219.755
2018-09-21,132.615,211.54
2018-09-24,134.15,213.97
2018-09-25,136.775,217.35
2018-09-26,132.99,209.69
2018-09-27,131.35,207.67
2018-09-28,130.275,210.47
2018-10-01,128.73,208.395
2018-10-02,134.735,216.145
2018-10-03,132.91,209.89
2018-10-04,139.94,218.71
2018-10-05,144.035,217.985
2018-10-08,147.885,222.595
2018-10-09,146.245,223.11
2018-10-10,146.82,223.845
2018-10-11,149.83,227.59
2018-10-12,144.045,220.52
2018-10-15,146.76,221.95
2018-10-16,145.15,219.94
2018-10-17,143.575,217.94
2018-10-18,147.265,220.26
2018-10-19,148.585,221.88
2018-10-22,148.415,221.59
2018-10-23,151.28,225.06
2018-10-24,153.695,228.0
2018-10-25,152.92,227.185
2018-10-26,158.72,234.15
2018-10-29,158.605,227.375
2018-10-30,159.615,228.535
2018-10-31,157.675,235.3
2018-11-01,157.245,234.63
2018-11-02,150.41,226.285
2018-11-05,151.305,227.195
2018-11-06,145.81,220.455
2018-11-07,143.12,217.09
2018-11-08,141.865,215.555
2018-11-09,143.415,217.42
2018-11-12,144.815,219.175
2018-11-13,146.8250122,221.6399994
2018-11-14,147.4250031,222.4400024
2018-11-15,147.9499969,223.1000061
2018-11-16,148.185,223.39
2018-11-19,150.495,226.215
2018-11-20,156.2900085,233.3099976
2018-11-21,150.4400024,226.1650085
2018-11-22,152.15,228.23
2018-11-23,153.565,229.94
2018-11-26,148.5599976,223.8249969
2018-11-27,151.6650085,227.5650024
2018-11-28,146.6000061,222.6999969
2018-11-29,143.4649963,218.8600006
2018-11-30,141.075,218.075
2018-12-03,135.9450073,211.6699982
2018-12-04,141.6000061,218.7949982
2018-12-05,140.5950012,217.6199951
2018-12-06,143.1750031,220.8300018
2018-12-07,140.995,218.13
2018-12-10,144.2749939,222.2099915
2018-12-11,140.9949951,218.1950073
2018-12-12,134.0899963,209.5050049
2018-12-13,132.2749939,216.0449982
2018-12-14,135.7,220.47
2018-12-17,134.8800049,210.5449982
2018-12-18,133.055,208.31
2018-12-19,133.5750122,208.9949951
2018-12-20,139.2399902,216.2050018
2018-12-21,141.015,218.355
2018-12-24,142.345,219.585
2018-12-25,142.8300018,220.0599976
2018-12-26,143.1950073,220.4400024
2018-12-27,138.7350006,214.7749939
2018-12-28,138.15,214.065
2018-12-31,137.54,214.0
2019-01-01,137.7649994,214.0149994
2019-01-02,142.2149963,219.519989
2019-01-03,142.835,220.83
2019-01-04,136.735,217.83
2019-01-07,134.52,214.74
2019-01-08,131.585,210.91
2019-01-09,126.245,204.015
2019-01-10,128.485,206.6
2019-01-11,127.78,205.665
2019-01-14,130.375,209.025
2019-01-15,127.11,204.815
2019-01-16,123.685,200.44
2019-01-17,125.695,202.99
2019-01-18,123.305,199.87
2019-01-21,122.34,198.17
2019-01-22,125.28,199.375
2019-01-23,123.25,196.86
2019-01-24,120.665,193.58
2019-01-25,116.575,188.42
2019-01-28,119.21,193.43
2019-01-29,118.92,193.055
2019-01-30,116.54,194.04
2019-01-31,110.765,186.515
2019-02-01,112.485,182.455
2019-02-04,112.12,181.84
2019-02-05,109.975,179.055
2019-02-06,111.115,180.515
2019-02-07,114.415,184.765
2019-02-08,116.44,187.37
2019-02-11,116.085,186.91
2019-02-12,114.27,184.27
2019-02-13,110.045,178.86
2019-02-14,111.58,180.775
2019-02-15,110.595,179.59
2019-02-18,111.325,180.455
2019-02-19,110.115,178.895
2019-02-20,108.785,177.22
2019-02-21,109.84,179.085
2019-02-22,108.89,177.79
2019-02-25,105.52,173.49
2019-02-26,106.36,174.535
2019-02-27,105.39,173.32
2019-02-28,103.88,178.29
2019-03-01,100.235,173.675
2019-03-04,97.485,169.845
2019-03-05,95.585,167.21
2019-03-06,96.97,169.67
2019-03-07,98.92,172.375
2019-03-08,104.33,184.395
2019-03-11,99.52,177.785
2019-03-12,97.39,174.79
2019-03-13,97.59,175.115
2019-03-14,97.06,174.375
2019-03-15,98.06,175.71
2019-03-18,95.385,172.015
2019-03-19,94.005,170.07
2019-03-20,105.3,184.425
2019-03-21,100.63,172.355
2019-03-22,104.24,177.26
2019-03-25,104.46,177.685
2019-03-26,100.535,172.375
2019-03-27,105.4,179.03
2019-03-28,106.29,180.28
2019-03-29,103.07,175.89
2019-04-01,101.31,173.405
2019-04-02,99.63,170.94
2019-04-03,95.89,165.845
2019-04-04,97.39,167.855
2019-04-05,100.31,168.65
2019-04-08,98.95,168.555
2019-04-09,98.545,169.94
2019-04-10,98.555,169.805
2019-04-11,98.745,170.105
2019-04-12,96.855,167.465
2019-04-15,95.03,164.815
2019-04-16,94.555,164.165
2019-04-17,90.045,157.85
2019-04-18,92.485,161.235
2019-04-19,92.28,160.725
2019-04-22,92.72,161.295
2019-04-23,92.375,161.915
2019-04-24,93.075,162.9
2019-04-25,97.485,169.065
2019-04-26,95.52,165.545
2019-04-29,93.825,163.215
2019-04-30,95.445,166.02
2019-05-01,94.9,165.28
2019-05-02,96.24,167.13
2019-05-03,95.995,166.725
2019-05-06,99.832,171.42
2019-05-07,103.08,177.56
2019-05-08,103.17,176.605
2019-05-09,106.46,181.035
2019-05-10,102.385,175.56
2019-05-13,109.32,184.88
2019-05-14,105.0,179.18
2019-05-15,107.13,183.2
2019-05-16,102.945,176.445
2019-05-17,104.95,179.11
2019-05-20,106.305,180.905
2019-05-21,104.075,179.68
2019-05-22,106.31,178.65
2019-05-23,109.525,183.005
2019-05-24,107.74,180.73
2019-05-27,107.805,180.75
2019-05-28,108.955,181.155
2019-05-29,114.12,188.025
2019-05-30,111.565,184.665
2019-05-31,115.32,187.0
2019-06-03,115.01,186.655
2019-06-04,110.885,181.385
2019-06-05,109.095,178.95
2019-06-06,106.315,175.295
2019-06-07,106.015,174.9
2019-06-10,100.585,167.855
2019-06-11,99.905,166.86
2019-06-12,101.735,169.26
2019-06-13,102.295,170.055
2019-06-14,103.265,171.325
2019-06-17,102.16,169.875
2019-06-18,97.78,164.14
2019-06-19,93.46,158.49
2019-06-20,89.23,152.885
2019-06-21,92.13,156.78
2019-06-24,91.58,155.915
2019-06-25,94.195,159.435
2019-06-26,91.87,156.395
2019-06-27,90.06,161.485
2019-06-28,90.305,162.915
2019-07-01,86.51,157.555
2019-07-02,86.325,157.245
2019-07-03,84.74,155.06
2019-07-04,84.67,155.025
2019-07-05,86.19,157.16
2019-07-08,88.48,160.24
2019-07-09,88.29,159.96
2019-07-10,86.14,156.905
2019-07-11,85.51,156.005
2019-07-12,85.06,155.19
2019-07-15,84.695,154.68
2019-07-16,85.09,156.36
2019-07-17,85.965,157.54
2019-07-18,86.58,158.505
2019-07-19,84.5,155.585
2019-07-22,84.9,156.085
2019-07-23,84.12,156.935
2019-07-24,82.915,155.14
2019-07-25,79.01,149.57
2019-07-26,78.0,148.075
2019-07-29,77.61,147.47
2019-07-30,78.995,147.17
2019-07-31,78.095,146.805
2019-08-01,81.53,153.385
2019-08-02,88.89,164.19
2019-08-05,99.655,179.445
2019-08-06,95.305,173.56
2019-08-07,98.07,177.495
2019-08-08,92.68,169.985
2019-08-09,93.255,169.4
2019-08-12,98.69,176.855
2019-08-13,94.56,171.32
2019-08-14,99.52,178.115
2019-08-15,99.79,178.635
2019-08-16,95.035,172.215
2019-08-19,93.62,170.12
2019-08-20,93.345,169.625
2019-08-21,91.865,167.625
2019-08-22,91.765,167.425
2019-08-23,93.84,170.25
2019-08-26,93.445,168.54
2019-08-27,93.09,168.005
2019-08-28,93.91,166.03
2019-08-29,91.815,163.22
2019-08-30,89.18,162.4
2019-09-02,89.045,162.16
2019-09-03,87.38,161.63
2019-09-04,83.78,156.58
2019-09-05,79.685,150.79
2019-09-06,78.0,148.195
2019-09-09,77.445,148.54
2019-09-10,77.32,148.25
2019-09-11,77.235,147.965
2019-09-12,75.445,145.365
2019-09-13,75.26,145.05
2019-09-16,77.125,147.5
2019-09-17,77.31,147.4
2019-09-18,77.195,147.265
2019-09-19,77.015,147.04
2019-09-20,87.285,149.975
2019-09-23,88.005,151.025
2019-09-24,88.215,159.415
2019-09-25,89.45,161.245
2019-09-26,89.865,161.695
2019-09-27,90.25,162.255
2019-09-30,90.53,162.605
2019-10-01,90.795,162.96
2019-10-02,93.61,166.9
2019-10-03,93.66,167.015
2019-10-04,92.415,165.345
2019-10-07,94.605,168.41
2019-10-08,93.625,166.96
2019-10-09,91.765,164.375
2019-10-10,91.135,163.445
2019-10-11,87.125,157.695
2019-10-14,87.635,158.205
2019-10-15,85.945,155.82
2019-10-16,85.52,155.155
2019-10-17,84.925,154.355
2019-10-18,82.33,150.645
2019-10-21,80.82,148.46
2019-10-22,79.07,145.865
2019-10-23,79.145,146.005
2019-10-24,78.75,145.465
2019-10-25,77.105,143.105
2019-10-28,75.635,140.905
2019-10-29,75.105,140.07
2019-10-30,76.245,144.46
2019-10-31,76.72,145.255
2019-11-01,75.025,140.295
2019-11-04,73.855,138.54
2019-11-05,72.7,136.755
2019-11-06,73.345,137.16
2019-11-07,72.105,135.435
2019-11-08,71.745,134.755
2019-11-11,73.295,137.645
2019-11-12,72.0,139.025
2019-11-13,74.23,142.345
2019-11-14,74.47,142.77
2019-11-15,72.61,141.505
2019-11-18,72.61,143.045
2019-11-19,72.815,143.345
2019-11-20,74.965,146.635
2019-11-21,75.105,146.945
2019-11-22,74.975,146.675
2019-11-25,74.535,145.975
2019-11-26,73.995,145.15
2019-11-27,73.245,144.015
2019-11-28,73.855,144.89
2019-11-29,73.325,144.085
2019-12-02,74.4,145.625
2019-12-03,75.685,147.455
2019-12-04,74.11,145.255
2019-12-05,73.605,144.425
2019-12-06,71.935,141.85
2019-12-09,72.57,142.695
2019-12-10,72.205,142.135
2019-12-11,71.48,141.025
2019-12-12,70.65,139.855
2019-12-13,68.92,137.06
2019-12-16,66.555,133.53
2019-12-17,65.475,131.77
2019-12-18,63.66,128.965
2019-12-19,63.795,133.06
2019-12-20,63.71,132.915
2019-12-23,62.87,131.54
2019-12-24,62.54,131.01
2019-12-25,62.28,130.36
2019-12-26,62.36,131.65
2019-12-27,62.06,131.18
2019-12-30,62.29,131.52
2019-12-31,62.24,131.99
2020-01-01,62.185,131.83
2020-01-02,61.65,130.975
2020-01-03,63.99,134.78
2020-01-06,65.29,136.965
2020-01-07,65.215,136.855
2020-01-08,63.925,134.765
2020-01-09,62.315,132.145
2020-01-10,62.69,132.735
2020-01-13,61.325,130.575
2020-01-14,61.52,130.855
2020-01-15,60.49,129.235
2020-01-16,59.85,123.73
2020-01-17,59.955,123.84
2020-01-20,59.975,123.825
2020-01-21,61.94,126.88
2020-01-22,62.565,127.875
2020-01-23,63.795,129.8
2020-01-24,63.05,128.7
2020-01-27,68.275,136.805
2020-01-28,64.75,131.24
2020-01-29,65.355,132.075
2020-01-30,68.0,132.755
2020-01-31,67.87,132.555
2020-02-03,65.615,129.29
2020-02-04,62.95,125.31
2020-02-05,61.495,126.44
2020-02-06,62.655,128.145
2020-02-07,65.1,125.26
2020-02-10,63.91,123.555
2020-02-11,62.34,121.285
2020-02-12,60.425,118.43
2020-02-13,61.195,119.52
2020-02-14,60.26,118.155
2020-02-17,59.995,117.77
2020-02-18,60.01,126.615
2020-02-19,58.38,124.08
2020-02-20,58.845,124.82
2020-02-21,60.32,127.195
2020-02-24,64.98,134.57
2020-02-25,65.21,135.05
2020-02-26,67.99,139.365
2020-02-27,78.955,156.09
2020-02-28,101.65,181.575
2020-03-02,92.08,168.65
2020-03-03,90.15,165.9
2020-03-04,85.78,159.955
2020-03-05,90.64,166.005
2020-03-06,109.35,192.23
2020-03-09,180.33,287.77
2020-03-10,148.115,247.59
2020-03-11,171.805,277.97
2020-03-12,219.11,337.685
2020-03-13,183.135,293.305
2020-03-16,213.5,331.21
2020-03-17,210.71,328.375
2020-03-18,233.395,355.57
2020-03-19,269.49,399.17
2020-03-20,253.22,326.18
2020-03-23,290.82,367.465
2020-03-24,255.95,330.8
2020-03-25,219.585,292.985
2020-03-26,192.23,262.88
2020-03-27,214.94,288.3
2020-03-30,227.57,306.18
2020-03-31,222.345,303.955
2020-04-01,242.71,326.79
2020-04-02,249.875,334.72
2020-04-03,261.98,348.015
2020-04-06,242.575,326.58
2020-04-07,229.825,312.325
2020-04-08,234.91,317.845
2020-04-09,203.32,282.49
2020-04-10,200.735,279.215
2020-04-13,205.97,285.1
2020-04-14,184.335,260.495
2020-04-15,206.1,285.45
2020-04-16,204.81,277.67
2020-04-17,200.525,272.925
2020-04-20,206.83,279.8
2020-04-21,218.35,292.61
2020-04-22,220.01,297.995
2020-04-23,220.645,298.39
2020-04-24,224.72,303.125
2020-04-27,228.16,306.89
2020-04-28,228.1,306.665
2020-04-29,214.215,288.19
2020-04-30,212.875,286.67
2020-05-01,218.1,292.285
2020-05-04,221.07,295.53
2020-05-05,214.72,288.545
2020-05-06,216.91,290.905
2020-05-07,210.825,284.145
2020-05-08,208.605,281.815
2020-05-11,205.33,276.335
2020-05-12,206.575,277.6
2020-05-13,209.4,280.76
2020-05-14,205.545,276.57
2020-05-15,205.41,275.0
2020-05-18,195.91,264.55
2020-05-19,187.09,254.65
2020-05-20,180.27,254.965
2020-05-21,172.66,246.24
2020-05-22,180.17,254.855
2020-05-25,175.505,249.465
2020-05-26,171.68,242.69
2020-05-27,165.34,235.42
2020-05-28,163.39,233.195
2020-05-29,165.945,236.07
2020-06-01,156.555,225.35
2020-06-02,146.115,213.325
2020-06-03,138.63,204.575
2020-06-04,132.22,198.33
2020-06-05,118.695,182.155
2020-06-08,109.675,171.125
2020-06-09,115.615,178.38
2020-06-10,117.73,181.015
2020-06-11,137.08,204.525
2020-06-12,134.14,207.845
2020-06-15,138.96,213.58
2020-06-16,123.35,194.655
2020-06-17,120.755,193.1
2020-06-18,128.15,202.355
2020-06-19,125.315,198.91
2020-06-22,127.245,201.27
2020-06-23,125.66,199.265
2020-06-24,133.855,209.4
2020-06-25,136.18,212.295
2020-06-26,135.48,211.41
2020-06-29,135.925,211.99
2020-06-30,131.445,199.87
2020-07-01,124.785,191.84
2020-07-02,124.02,190.65
2020-07-03,121.19,187.44
2020-07-06,119.87,187.345
2020-07-07,120.975,188.645
2020-07-08,122.825,190.98
2020-07-09,124.775,193.305
2020-07-10,125.61,194.38
2020-07-13,122.92,190.995
2020-07-14,129.09,198.52
2020-07-15,125.3,193.925
2020-07-16,127.95,197.105
2020-07-17,127.08,196.07
2020-07-20,125.51,194.135
2020-07-21,119.24,186.535
2020-07-22,117.02,183.83
2020-07-23,115.455,181.915
2020-07-24,118.405,185.815
2020-07-27,117.525,184.405
2020-07-28,118.555,185.59
2020-07-29,117.345,184.155
2020-07-30,118.115,185.11
2020-07-31,115.975,182.525
2020-08-03,113.325,179.235
2020-08-04,112.78,178.54
2020-08-05,109.635,174.73
2020-08-06,108.87,173.71
2020-08-07,109.34,174.31
2020-08-10,108.67,173.375
2020-08-11,105.03,168.85
2020-08-12,104.645,168.29
2020-08-13,103.785,167.15
2020-08-14,105.505,169.235
2020-08-17,104.925,168.455
2020-08-18,103.245,166.39
2020-08-19,102.465,169.395
2020-08-20,103.68,173.22
2020-08-21,102.44,170.785
2020-08-24,98.565,165.775
2020-08-25,97.495,164.38
2020-08-26,97.08,163.77
2020-08-27,97.495,164.28
2020-08-28,96.915,163.455
2020-08-31,93.64,159.165
2020-09-01,90.695,155.365
2020-09-02,86.4,149.8
2020-09-03,87.955,151.875
2020-09-04,88.58,152.69
2020-09-07,88.89,152.945
2020-09-08,90.155,154.6
2020-09-09,89.9,154.3
2020-09-10,92.855,158.14
2020-09-11,93.09,158.45
2020-09-14,91.59,156.48
2020-09-15,91.5,157.8
2020-09-16,90.59,156.575
2020-09-17,93.675,160.615
2020-09-18,92.635,159.23
2020-09-21,108.08,168.8
2020-09-22,110.925,172.255
2020-09-23,111.97,173.515
2020-09-24,118.395,181.435
2020-09-25,119.165,182.35
2020-09-28,115.96,178.375
2020-09-29,116.83,179.43
2020-09-30,114.815,179.66
2020-10-01,111.325,175.255
2020-10-02,113.365,177.81
2020-10-05,108.395,174.795
2020-10-06,102.105,166.62
2020-10-07,101.625,166.06
2020-10-08,97.875,161.14
2020-10-09,93.22,157.91
2020-10-12,92.5,156.89
2020-10-13,93.125,157.705
2020-10-14,94.59,159.72
2020-10-15,98.015,164.23
2020-10-16,94.815,159.985
2020-10-19,95.08,160.285
2020-10-20,94.0,158.805
2020-10-21,94.71,160.875
2020-10-22,95.285,161.585
2020-10-23,93.995,159.78
2020-10-26,96.345,162.89
2020-10-27,95.775,162.185
2020-10-28,97.93,165.075
2020-10-29,98.405,165.68
2020-10-30,99.455,167.17
2020-11-02,98.255,165.48
2020-11-03,93.525,159.3
2020-11-04,93.345,159.01
2020-11-05,84.655,147.665
2020-11-06,83.45,150.255
2020-11-09,75.775,139.49
2020-11-10,72.415,134.56
2020-11-11,71.665,133.435
2020-11-12,74.34,137.245
2020-11-13,75.74,139.39
2020-11-16,74.54,137.53
2020-11-17,75.865,139.37
2020-11-18,75.465,138.855
2020-11-19,76.88,140.84
2020-11-20,79.39,144.37
2020-11-23,77.115,141.21
2020-11-24,73.32,135.835
2020-11-25,72.335,134.375
2020-11-26,72.52,134.465
2020-11-27,72.51,134.435
2020-11-30,72.545,133.78
2020-12-01,70.245,130.49
2020-12-02,69.985,130.015
2020-12-03,68.32,128.29
2020-12-04,67.97,127.84
2020-12-07,68.675,128.71
2020-12-08,69.65,130.13
2020-12-09,69.475,129.9
2020-12-10,69.01,129.2
2020-12-11,69.51,129.945
2020-12-14,70.11,130.795
2020-12-15,68.59,128.62
2020-12-16,68.825,128.92
2020-12-17,66.955,126.23
2020-12-18,67.29,126.68
2020-12-21,69.605,129.94
2020-12-22,69.565,129.88
2020-12-23,68.79,128.805
2020-12-24,68.46,130.3
2020-12-25,68.485,130.62
2020-12-28,68.32,130.35
2020-12-29,67.495,129.145
2020-12-30,67.4,128.995
2020-12-31,67.515,128.015
2021-01-01,67.66,128.26
2021-01-04,67.36,127.8
2021-01-05,68.89,130.0
2021-01-06,68.925,130.0
2021-01-07,66.585,126.545
2021-01-08,68.42,129.09
2021-01-11,71.03,132.7
2021-01-12,73.455,135.795
2021-01-13,72.53,134.47
2021-01-14,72.975,135.15
2021-01-15,74.43,137.13
2021-01-18,76.3,139.79
2021-01-19,74.2,136.845
2021-01-20,73.02,136.5
2021-01-21,72.485,135.73
2021-01-22,73.415,137.01
2021-01-25,73.71,137.385
2021-01-26,73.92,137.77
2021-01-27,75.905,140.535
2021-01-28,75.285,139.685
2021-01-29,75.86,140.405
2021-02-01,74.865,138.89
2021-02-02,72.395,135.445
2021-02-03,70.27,132.345
2021-02-04,69.57,131.295
2021-02-05,68.63,129.915
2021-02-08,67.985,128.89
2021-02-09,67.615,128.355
2021-02-10,67.965,128.865
2021-02-11,67.4,128.1
2021-02-12,67.535,128.25
2021-02-15,67.585,128.215
2021-02-16,67.17,127.625
2021-02-17,67.615,131.825
2021-02-18,67.83,132.145
2021-02-19,67.275,131.33
2021-02-22,69.285,134.13
2021-02-23,71.55,136.08
2021-02-24,69.96,133.805
2021-02-25,71.225,135.625
2021-02-26,79.425,147.1
2021-03-01,74.315,138.2
2021-03-02,75.055,139.18
2021-03-03,74.29,138.135
2021-03-04,77.335,142.995
2021-03-05,78.625,144.66
2021-03-08,83.84,151.855
2021-03-09,85.435,151.755
2021-03-10,84.655,150.84
2021-03-11,77.035,140.535
2021-03-12,81.345,146.47
2021-03-15,79.405,143.625
2021-03-16,78.35,142.175
2021-03-17,78.565,142.465
2021-03-18,76.995,140.24
2021-03-19,74.925,139.89
2021-03-22,85.83,146.055
2021-03-23,84.5,149.44
2021-03-24,86.505,152.335
2021-03-25,87.715,154.025
2021-03-26,86.365,152.11
2021-03-29,87.33,153.285
2021-03-30,89.18,155.73
2021-03-31,87.92,153.895
2021-04-01,84.855,149.66
2021-04-02,84.09,148.675
2021-04-05,84.74,150.165
2021-04-06,84.29,149.63
2021-04-07,84.315,149.77
2021-04-08,85.055,150.765
2021-04-09,84.59,150.205
2021-04-12,83.605,148.74
2021-04-13,83.27,148.26
2021-04-14,83.785,149.075
2021-04-15,82.71,147.58
2021-04-16,79.805,143.765
2021-04-19,78.04,141.265
2021-04-20,80.59,144.725
2021-04-21,79.215,144.375
2021-04-22,80.02,145.485
2021-04-23,78.725,143.68
2021-04-26,78.945,143.945
2021-04-27,77.64,142.07
2021-04-28,78.91,143.77
2021-04-29,77.0,141.075
2021-04-30,77.405,141.59
2021-05-03,77.95,142.335
2021-05-04,78.775,143.535
2021-05-05,77.66,142.72
2021-05-06,77.135,142.015
2021-05-07,75.78,140.08
2021-05-10,74.325,137.98
2021-05-11,76.365,140.85
2021-05-12,77.88,142.96
2021-05-13,79.82,145.595
2021-05-14,77.405,142.355
2021-05-17,77.165,142.025
2021-05-18,77.16,141.975
2021-05-19,78.55,143.935
2021-05-20,78.815,144.23
2021-05-21,78.935,144.47
2021-05-24,78.0,143.135
2021-05-25,76.975,141.705
2021-05-26,76.765,144.255
2021-05-27,76.725,144.17
2021-05-28,76.605,140.46
2021-05-31,75.935,139.545
2021-06-01,75.81,139.365
2021-06-02,75.085,138.22
2021-06-03,75.615,139.0
2021-06-04,76.115,139.135
2021-06-07,75.965,139.03
2021-06-08,74.915,136.92
2021-06-09,74.495,136.18
2021-06-10,74.44,137.665
2021-06-11,72.595,135.485
2021-06-14,73.505,137.655
2021-06-15,73.08,136.955
2021-06-16,73.61,137.74
2021-06-17,74.37,138.66
2021-06-18,75.055,139.815
2021-06-21,74.66,139.385
2021-06-22,75.11,139.925
2021-06-23,74.305,138.79
2021-06-24,73.765,136.165
2021-06-25,72.91,136.23
2021-06-28,73.255,136.68
2021-06-29,73.97,137.74
2021-06-30,74.42,138.365
2021-07-01,74.185,137.2
2021-07-02,74.035,137.005
2021-07-05,74.575,137.755
2021-07-06,76.045,140.435
2021-07-07,76.145,140.015
2021-07-08,78.64,143.54
2021-07-09,77.52,141.995
2021-07-12,77.795,141.61
2021-07-13,78.01,141.92
2021-07-14,77.11,139.86
2021-07-15,77.825,140.98
2021-07-16,78.335,141.595
2021-07-19,80.54,146.145
2021-07-20,80.91,146.545
2021-07-21,79.77,143.115
2021-07-22,79.4,143.205
2021-07-23,78.135,141.44
2021-07-26,79.99,144.02
2021-07-27,83.365,148.625
2021-07-28,82.38,147.355
2021-07-29,80.01,144.105
2021-07-30,81.395,145.965
2021-08-02,80.74,145.15
2021-08-03,80.135,144.37
2021-08-04,79.925,143.995
2021-08-05,79.565,143.48
2021-08-06,78.595,142.075
2021-08-09,78.555,141.85
2021-08-10,77.6,139.22
2021-08-11,76.895,138.195
2021-08-12,74.815,135.365
2021-08-13,74.235,134.535
2021-08-16,74.51,135.055
2021-08-17,75.415,141.13
2021-08-18,73.975,139.095
2021-08-19,73.845,138.92
2021-08-20,73.85,138.7
2021-08-23,73.41,138.015
2021-08-24,72.5,136.215
2021-08-25,72.03,135.45
2021-08-26,72.09,135.455
2021-08-27,70.86,133.15
2021-08-30,68.185,128.18
2021-08-31,67.605,130.545
2021-09-01,66.47,127.695
2021-09-02,66.7,128.035
2021-09-03,67.07,128.585
2021-09-06,66.915,128.245
2021-09-07,66.57,127.745
2021-09-08,67.01,128.29
2021-09-09,67.91,129.625
2021-09-10,66.905,128.72
2021-09-13,66.61,128.195
2021-09-14,66.91,129.36
2021-09-15,67.12,129.72
2021-09-16,67.41,130.1
2021-09-17,69.805,133.485
2021-09-20,86.88,147.915
2021-09-21,80.12,138.78
2021-09-22,79.785,138.315
2021-09-23,77.36,135.065
2021-09-24,79.805,138.14
2021-09-27,80.335,138.845
2021-09-28,84.1,143.845
2021-09-29,82.445,141.52
2021-09-30,81.69,140.545
2021-10-01,80.88,139.535
2021-10-04,82.615,141.845
2021-10-05,85.86,146.185
2021-10-06,88.66,149.825
2021-10-07,84.91,144.82
2021-10-08,87.365,147.985
2021-10-11,96.435,159.925
2021-10-12,93.085,155.555
2021-10-13,93.445,156.1
2021-10-14,91.535,153.72
2021-10-15,85.815,146.215
2021-10-18,87.02,147.72
2021-10-19,83.46,142.93
2021-10-20,82.49,147.585
2021-10-21,83.19,148.455
2021-10-22,82.625,147.58
2021-10-25,82.435,147.46
2021-10-26,80.715,145.01
2021-10-27,79.28,143.09
2021-10-28,80.275,144.6
2021-10-29,82.26,147.425
2021-11-01,82.56,147.79
2021-11-02,83.66,149.315
2021-11-03,81.39,146.055
2021-11-04,79.57,143.37
2021-11-05,80.63,145.01
2021-11-08,83.09,148.58
2021-11-09,85.275,151.56
2021-11-10,83.45,149.135
2021-11-11,85.015,151.105
2021-11-12,84.06,149.815
2021-11-15,83.165,148.405
2021-11-16,82.315,147.195
2021-11-17,79.965,143.86
2021-11-18,78.585,142.025
2021-11-19,78.035,141.255
2021-11-22,77.79,140.99
2021-11-23,78.615,141.995
2021-11-24,80.035,143.9
2021-11-25,80.535,144.645
2021-11-26,89.075,156.495
2021-11-29,84.725,150.76
2021-11-30,88.255,155.6
2021-12-01,88.77,156.305
2021-12-02,87.905,155.27
2021-12-03,87.675,154.835
2021-12-06,86.165,152.875
2021-12-07,82.045,147.08
2021-12-08,80.385,144.715
2021-12-09,79.37,143.25
2021-12-10,78.465,142.01
2021-12-13,77.84,141.135
2021-12-14,78.005,141.46
2021-12-15,77.595,140.825
2021-12-16,76.35,139.045
2021-12-17,76.39,139.23
2021-12-20,78.995,142.825
2021-12-21,78.055,141.415
2021-12-22,77.02,139.945
2021-12-23,77.0,139.89
2021-12-24,75.73,138.07
2021-12-27,75.47,137.785
2021-12-28,76.015,138.11
2021-12-29,75.71,137.665
2021-12-30,74.55,135.92
2021-12-31,74.89,136.46
2022-01-03,73.96,135.155
2022-01-04,71.51,131.56
2022-01-05,73.865,134.785
2022-01-06,78.42,141.025
2022-01-07,77.975,146.075
2022-01-10,79.985,148.825
2022-01-11,77.72,145.625
2022-01-12,78.505,146.825
2022-01-13,81.56,151.125
2022-01-14,84.895,155.98
2022-01-17,87.465,159.38
2022-01-18,88.025,160.125
2022-01-19,85.535,156.49
2022-01-20,86.2,157.425
2022-01-21,87.53,159.465
2022-01-24,88.945,161.445
2022-01-25,88.855,161.255
2022-01-26,86.505,157.98
2022-01-27,90.02,162.685
2022-01-28,91.695,165.16
2022-01-31,90.35,160.025
2022-02-01,88.845,157.705
2022-02-02,89.975,159.74
2022-02-03,88.65,157.805
2022-02-04,92.045,162.31
2022-02-07,97.16,169.13
2022-02-08,94.92,166.115
2022-02-09,92.31,162.505
2022-02-10,94.025,164.86
2022-02-11,96.68,168.42
2022-02-14,99.4,172.21
2022-02-15,96.87,168.645
2022-02-16,95.29,166.445
2022-02-17,97.92,169.9
2022-02-18,99.045,171.62
2022-02-21,98.095,170.395
2022-02-22,100.505,173.665
2022-02-23,99.55,172.205
2022-02-24,106.285,181.165
2022-02-25,106.28,181.24
2022-02-28,115.46,188.79
2022-03-01,113.035,185.99
2022-03-02,112.13,184.905
2022-03-03,112.135,184.745
2022-03-04,114.905,188.32
2022-03-07,125.895,202.53
2022-03-08,121.265,196.61
2022-03-09,110.885,183.475
2022-03-10,106.04,176.98
2022-03-11,111.575,184.025
2022-03-14,114.87,188.285
2022-03-15,110.92,182.465
2022-03-16,102.07,171.62
2022-03-17,89.255,154.765
2022-03-18,87.85,153.105
2022-03-21,98.235,161.19
2022-03-22,98.06,160.825
2022-03-23,96.835,159.035
2022-03-24,96.195,158.385
2022-03-25,95.64,157.445
2022-03-28,93.885,155.05
2022-03-29,82.075,139.565
2022-03-30,82.015,139.585
2022-03-31,84.495,152.255
2022-04-01,85.32,153.425
2022-04-04,76.62,147.01
2022-04-05,82.79,149.02
2022-04-06,88.585,156.875
2022-04-07,88.525,156.67
2022-04-08,82.601,158.875
2022-04-11,95.045,165.375
2022-04-12,98.195,169.43
2022-04-13,98.65,170.105
2022-04-14,99.125,170.8
2022-04-15,99.63,168.385
2022-04-18,100.585,169.625
2022-04-19,105.545,176.19
2022-04-20,103.905,173.855
2022-04-21,101.8,171.315
2022-04-22,107.515,178.755
2022-04-25,114.9,188.51
2022-04-26,116.62,190.91
2022-04-27,117.28,191.995
2022-04-28,119.2525,196.645
2022-04-29,120.82,191.01
2022-05-02,122.82,193.22
2022-05-03,124.92,195.89
2022-05-04,120.085,189.81
2022-05-05,124.17,194.885
2022-05-06,128.295,199.97
2022-05-09,131.595,203.745
2022-05-10,131.87,204.265
2022-05-11,128.645,200.385
2022-05-12,135.095,208.525
2022-05-13,129.69,201.95
2022-05-16,129.655,201.765
2022-05-17,123.39,193.96
2022-05-18,127.145,198.5
2022-05-19,130.39,202.81
2022-05-20,127.73,199.56
2022-05-23,120.36,190.425
2022-05-24,119.335,189.02
2022-05-25,112.5,180.515
2022-05-26,104.255,169.94
2022-05-27,103.385,168.825
2022-05-30,97.96,161.8
2022-05-31,101.42,166.34
2022-06-01,105.935,171.94
2022-06-02,105.29,171.05
2022-06-03,106.445,173.71
2022-06-06,103.565,169.925
2022-06-07,102.92,168.86
2022-06-08,104.24,170.735
2022-06-09,107.36,174.69
2022-06-10,119.605,190.415
2022-06-13,134.475,209.065
2022-06-14,132.465,206.26
2022-06-15,125.725,197.55
2022-06-16,139.055,214.715
2022-06-17,133.215,207.715
2022-06-20,127.955,196.62
2022-06-21,123.49,191.11
2022-06-22,128.31,196.99
2022-06-23,133.05,202.84
2022-06-24,127.28,195.895
2022-06-27,125.31,193.375
2022-06-28,131.84,201.255
2022-06-29,136.33,206.87
2022-06-30,144.015,215.78
2022-07-01,141.08,213.225
2022-07-04,145.33,218.565
2022-07-05,147.27,220.9
2022-07-06,149.825,224.16
2022-07-07,147.205,220.69
2022-07-08,144.57,217.475
2022-07-11,148.39,221.81
2022-07-12,156.6,231.79
2022-07-13,159.385,235.12
2022-07-14,161.175,237.32
2022-07-15,161.2,237.43
2022-07-18,157.81,233.46
2022-07-19,151.895,226.175
2022-07-20,144.36,217.19
2022-07-21,140.815,212.9
2022-07-22,137.2805,208.805
2022-07-25,133.065,203.93
2022-07-26,137.965,209.825
2022-07-27,135.285,206.505
2022-07-28,125.81,195.05
2022-07-29,115.04,181.985
2022-08-01,122.845,191.78
2022-08-02,126.26,196.175
2022-08-03,121.55,190.065
2022-08-04,118.99,186.975
2022-08-05,115.605,182.665
2022-08-08,112.12,178.265
2022-08-09,112.715,181.02
2022-08-10,101.91,167.41
2022-08-11,101.615,167.035
2022-08-12,97.19,161.135
2022-08-15,98.85,163.36
2022-08-16,102.7,168.425
2022-08-17,107.715,174.755
2022-08-18,107.405,174.15
2022-08-19,113.2,181.485
2022-08-22,123.495,194.185
2022-08-23,118.63,188.11
2022-08-24,112.43,180.29
2022-08-25,105.955,171.995
2022-08-26,109.59,176.74
2022-08-29,116.42,185.235
2022-08-30,117.85,186.92
2022-08-31,119.385,188.155
2022-09-01,124.245,193.855
2022-09-02,119.685,188.235
2022-09-05,122.885,192.24
2022-09-06,120.175,188.91
2022-09-07,113.395,180.165
2022-09-08,109.605,175.56
2022-09-09,103.285,167.535
2022-09-12,101.295,165.04
2022-09-13,110.56,176.74
2022-09-14,106.885,172.13
2022-09-15,106.09,171.145
2022-09-16,110.48,176.59
2022-09-19,110.74,176.86
2022-09-20,125.76,187.795
2022-09-21,130.145,192.89
2022-09-22,136.1185,200.635
2022-09-23,150.425,216.94
2022-09-26,159.54,227.86
2022-09-27,156.125,218.6
2022-09-28,156.075,228.335
2022-09-29,165.46,239.615
2022-09-30,159.545,226.55
2022-10-03,156.775,223.72
2022-10-04,150.3875,216.475
2022-10-05,149.5,215.365
2022-10-06,149.285,214.78
2022-10-07,153.881,221.62
2022-10-10,163.03,230.655
2022-10-11,167.185,235.545
2022-10-12,163.14,233.995
2022-10-13,163.205,234.165
2022-10-14,160.6075,231.035
2022-10-17,162.538,238.69
2022-10-18,153.486,227.215
2022-10-19,153.1945,220.18
2022-10-20,159.035,228.775
2022-10-21,160.44,230.245
2022-10-24,160.125,229.77
2022-10-25,152.015,220.13
2022-10-26,141.285,207.565
2022-10-27,139.07,205.195
2022-10-28,140.062,207.735
2022-10-31,136.5345,202.345
2022-11-01,136.922,210.975
2022-11-02,133.0865,202.65
2022-11-03,142.29,215.65
2022-11-04,133.815,205.24
2022-11-07,124.58,193.755
2022-11-08,121.4,188.46
2022-11-09,125.705,194.025
2022-11-10,125.995,194.38
2022-11-11,104.972,167.92
2022-11-14,104.645,166.31
2022-11-15,102.9215,166.245
2022-11-16,102.8865,164.09
2022-11-17,114.875,181.445
2022-11-18,111.095,176.55
2022-11-21,112.745,178.49
2022-11-22,109.52,174.385
2022-11-23,104.335,167.955
2022-11-24,100.065,162.585
2022-11-25,95.365,156.53
2022-11-28,98.2755,160.715
2022-11-29,95.3255,158.41
2022-11-30,93.151,153.705
2022-12-01,87.45,154.715
2022-12-02,91.58,160.43
2022-12-05,94.07,163.805
2022-12-06,102.71,175.54
2022-12-07,105.185,178.835
2022-12-08,102.605,175.565
2022-12-09,99.865,171.755
2022-12-12,101.3045,172.01
2022-12-13,97.877,169.925
2022-12-14,92.4775,158.915
2022-12-15,96.62,167.35
2022-12-16,102.23,174.99
2022-12-19,102.68,175.455
2022-12-20,104.28,177.44
2022-12-21,101.72,173.785
2022-12-22,101.25,173.155
2022-12-23,101.88,174.26
2022-12-26,99.875,170.785
2022-12-27,99.965,170.89
2022-12-28,100.1565,170.94
2022-12-29,101.14,172.23
2022-12-30,103.615,173.25
2023-01-02,102.96,172.205
2023-01-03,97.29,164.755
2023-01-04,96.86,164.585
2023-01-05,96.96,164.705
2023-01-06,94.61,161.485
2023-01-09,89.855,155.39
2023-01-10,94.165,161.17
2023-01-11,92.45,160.69
2023-01-12,88.76,155.815
2023-01-13,87.86,154.685
2023-01-16,88.19,155.055
2023-01-17,86.865,153.255
2023-01-18,85.56,151.315
2023-01-19,89.395,156.915
2023-01-20,87.425,154.21
2023-01-23,86.7,152.82
2023-01-24,85.795,152.09
2023-01-25,86.63,153.315
2023-01-26,85.19,151.35
2023-01-27,82.8,147.915
2023-01-30,86.835,153.475
2023-01-31,87.905,154.905
2023-02-01,83.98,149.48
2023-02-02,77.98,141.335
2023-02-03,81.1,145.745
2023-02-06,84.605,150.38
2023-02-07,86.275,152.57
2023-02-08,87.22,153.76
2023-02-09,88.47,155.645
2023-02-10,91.065,159.065
2023-02-13,91.595,159.575
2023-02-14,90.01,157.51
2023-02-15,90.87,158.655
2023-02-16,90.72,158.295
2023-02-17,94.905,163.785
2023-02-20,94.995,163.975
2023-02-21,101.72,173.015
2023-02-22,100.72,171.385
2023-02-23,95.745,164.875
2023-02-24,98.035,167.955
2023-02-27,93.76,162.18
2023-02-28,91.965,161.44
2023-03-01,90.7,159.61
2023-03-02,91.925,161.25
2023-03-03,92.8515,160.445
2023-03-06,90.1135,154.49
2023-03-07,86.4565,153.555
2023-03-08,93.4235,162.49
2023-03-09,95.175,165.675
2023-03-10,100.08,172.495
2023-03-13,107.165,182.175
2023-03-14,107.355,174.38
2023-03-15,114.795,182.18
2023-03-16,105.48,170.92
2023-03-17,105.805,170.915
2023-03-20,117.605,176.65
2023-03-21,109.81,167.095
2023-03-22,104.775,160.66
2023-03-23,105.995,162.45
2023-03-24,111.405,169.175
2023-03-27,109.74,167.13
2023-03-28,107.065,163.655
2023-03-29,102.9,158.39
2023-03-30,99.01,153.59
2023-03-31,92.135,155.245
2023-04-03,92.88,156.415
2023-04-04,93.72,159.15
2023-04-05,94.98,160.87
2023-04-06,94.645,160.38
2023-04-07,95.355,161.35
2023-04-10,94.0,159.425
2023-04-11,90.38,154.505
2023-04-12,87.465,150.525
2023-04-13,86.95,149.895
2023-04-14,88.25,151.505
2023-04-17,89.6,153.225
2023-04-18,90.24,153.985
2023-04-19,94.365,159.6
2023-04-20,96.455,162.515
2023-04-21,96.515,162.535
2023-04-24,95.5,161.04
2023-04-25,98.47,165.225
2023-04-26,99.26,166.185
2023-04-27,95.55,161.19
2023-04-28,93.98,158.35
2023-05-01,93.4,157.68
2023-05-02,96.65,161.83
2023-05-03,99.195,165.315
2023-05-04,100.98,167.835
2023-05-05,96.71,161.915
2023-05-08,95.985,160.925
2023-05-09,97.965,163.515
2023-05-10,97.1,162.33
2023-05-11,95.7,160.51
2023-05-12,96.095,161.17
2023-05-15,95.545,160.245
2023-05-16,96.72,161.755
2023-05-17,94.79,159.115
2023-05-18,92.875,156.58
2023-05-19,91.73,154.91
2023-05-22,89.705,152.16
2023-05-23,89.645,151.965
2023-05-24,90.18,153.93
2023-05-25,91.21,153.975
2023-05-26,90.34,152.68
2023-05-29,89.0,150.885
2023-05-30,86.0,146.905
2023-05-31,88.995,151.565
2023-06-01,87.13,151.925
2023-06-02,84.38,148.165
2023-06-05,85.325,149.285
2023-06-06,84.495,148.235
2023-06-07,86.19,150.685
2023-06-08,83.695,146.94
2023-06-09,82.425,145.26
2023-06-12,83.68,146.985
2023-06-13,83.16,146.27
2023-06-14,82.35,145.075
2023-06-15,82.155,144.875
2023-06-16,82.9,145.89
2023-06-19,83.07,146.045
2023-06-20,84.42,147.965
2023-06-21,85.41,149.35
2023-06-22,86.01,150.18
2023-06-23,88.4,153.315
2023-06-26,90.32,156.01
2023-06-27,88.36,153.305
2023-06-28,87.465,152.03
2023-06-29,87.375,152.025
2023-06-30,84.83,148.325
2023-07-03,83.5,146.375
2023-07-04,83.79,146.835
2023-07-05,84.475,147.765
2023-07-06,88.11,152.595
2023-07-07,89.2,153.92
2023-07-10,88.455,152.725
2023-07-11,85.69,149.105
2023-07-12,82.255,144.425
2023-07-13,81.28,143.2
2023-07-14,81.66,143.785
2023-07-17,82.15,144.355
2023-07-18,81.305,143.25
2023-07-19,81.265,143.225
2023-07-20,82.89,145.52
2023-07-21,82.14,144.275
2023-07-24,81.61,143.55
2023-07-25,78.995,139.9
2023-07-26,78.87,139.71
2023-07-27,76.91,136.955
2023-07-28,74.585,133.565
2023-07-31,73.505,140.265
2023-08-01,75.0,142.44
2023-08-02,78.47,147.445
2023-08-03,79.86,149.315
2023-08-04,77.76,146.04
2023-08-07,78.34,147.135
2023-08-08,79.735,149.05
2023-08-09,79.955,149.445
2023-08-10,79.995,149.535
2023-08-11,80.13,149.495
2023-08-14,83.5,154.32
2023-08-15,86.87,159.07
2023-08-16,87.5,159.875
2023-08-17,88.48,161.28
2023-08-18,91.02,157.805
2023-08-21,89.265,155.36
2023-08-22,84.6,148.865
2023-08-23,81.21,144.21
2023-08-24,85.725,150.67
2023-08-25,86.135,151.125
2023-08-28,84.97,149.53
2023-08-29,82.6,146.345
2023-08-30,81.795,138.235
2023-08-31,81.71,134.78
2023-09-01,79.525,131.88
2023-09-04,78.895,145.29
2023-09-05,78.455,131.96
2023-09-06,79.82,131.965
2023-09-07,81.3,144.13
2023-09-08,80.03,142.32
2023-09-11,78.345,139.89
2023-09-12,78.79,140.49
2023-09-13,78.45,139.975
2023-09-14,77.58,138.845
2023-09-15,79.09,140.87
2023-09-18,80.49,142.705
2023-09-19,80.38,142.675
2023-09-20,85.595,139.545
2023-09-21,91.39,147.125
2023-09-22,89.622,146.015
2023-09-25,89.701,144.035
2023-09-26,92.328,147.78
2023-09-27,92.254,151.615
2023-09-28,92.84,163.705
2023-09-29,92.5355,163.135
2023-10-02,92.9125,160.21
2023-10-03,94.343,161.75
2023-10-04,99.995,171.02
2023-10-05,99.2065,165.965
2023-10-06,101.062,171.37
2023-10-09,100.957,169.77
2023-10-10,98.063,166.65
2023-10-11,94.0325,160.67
2023-10-12,93.2585,159.54
2023-10-13,95.039,162.16
2023-10-16,96.348,163.795
2023-10-17,95.818,162.405
2023-10-18,97.433,164.1
2023-10-19,101.838,170.68
2023-10-20,101.869,171.41
2023-10-23,103.1085,172.73
2023-10-24,98.942,166.47
2023-10-25,98.0335,165.065
2023-10-26,102.316,171.415
2023-10-27,101.445,169.77
2023-10-30,100.5545,169.325
2023-10-31,98.6825,166.29
2023-11-01,95.36,158.02
2023-11-02,87.595,148.04
2023-11-03,85.31,151.73
2023-11-06,85.045,151.39
2023-11-07,85.945,152.625
2023-11-08,84.16,150.175
2023-11-09,85.15,151.835
2023-11-10,84.76,150.95
2023-11-13,83.22,148.64
2023-11-14,77.5,140.565
2023-11-15,77.495,140.81
2023-11-16,77.595,140.88
2023-11-17,75.755,138.365
2023-11-20,72.71,133.97
2023-11-21,74.19,136.155
2023-11-22,75.64,138.27
2023-11-23,74.725,133.1
2023-11-24,74.88,133.32
2023-11-27,75.32,133.795
2023-11-28,76.58,135.705
2023-11-29,74.985,133.565
2023-11-30,75.955,135.005
2023-12-01,74.43,132.73
2023-12-04,74.365,132.745
2023-12-05,76.0,135.0
2023-12-06,75.785,134.785
2023-12-07,75.605,134.695
2023-12-08,74.335,132.75
2023-12-11,74.71,133.17
2023-12-12,73.985,132.15
2023-12-13,71.39,128.52
2023-12-14,69.76,126.41
2023-12-15,70.21,126.14
2023-12-18,69.5065,127.26
2023-12-19,69.7555,126.795
2023-12-20,71.504,126.085
2023-12-21,70.14,127.155
2023-12-22,70.22,129.55
2023-12-25,70.275,129.65
2023-12-26,71.2,130.915
2023-12-27,69.995,128.905
2023-12-28,70.425,129.6
2023-12-29,69.945,125.96
2024-01-01,69.745,126.08
2024-01-02,71.84,129.065
2024-01-03,75.085,133.565
2024-01-04,76.395,135.36
2024-01-05,76.475,135.32
2024-01-08,76.97,135.945
2024-01-09,76.005,134.555
2024-01-10,73.805,131.525
2024-01-11,73.98,131.805
2024-01-12,73.05,130.525
2024-01-15,72.89,130.265
2024-01-16,76.24,134.97
2024-01-17,78.02,137.235
2024-01-18,75.365,133.525
2024-01-19,74.703,132.355
2024-01-22,74.497,131.205
2024-01-23,73.934,130.83
2024-01-24,74.293,132.37
2024-01-25,75.5,133.535
2024-01-26,76.23,134.58
2024-01-29,76.325,134.68
2024-01-30,75.24,133.245
2024-01-31,74.33,128.145
2024-02-01,76.1,130.715
2024-02-02,73.815,127.535
2024-02-05,75.29,129.405
2024-02-06,74.69,128.435
2024-02-07,73.475,126.82
2024-02-08,73.93,127.43
2024-02-09,73.58,126.885
2024-02-12,73.78,126.265
2024-02-13,75.25,128.24
2024-02-14,72.87,124.905
2024-02-15,72.255,124.155
2024-02-16,70.695,122.025
2024-02-19,70.6605,121.91
2024-02-20,71.1545,122.57
2024-02-21,71.81,123.445
2024-02-22,68.84,119.41
2024-02-23,68.105,118.385
2024-02-26,69.725,120.69
2024-02-27,70.545,121.775
2024-02-28,71.835,123.49
2024-02-29,70.385,122.965
2024-03-01,69.492,122.38
2024-03-04,69.559,121.635
2024-03-05,70.425,122.95
2024-03-06,70.425,122.95
2024-03-07,70.335,123.03
2024-03-08,69.525,121.92
2024-03-11,69.08,121.285
2024-03-12,68.585,120.58
2024-03-13,68.32,120.14
2024-03-14,67.301,118.78
2024-03-15,68.2265,119.905
2024-03-18,67.94,109.4
2024-03-19,67.585,110.36
2024-03-20,72.92,121.5
2024-03-21,70.9,119.285
2024-03-22,71.995,124.63
2024-03-25,72.115,124.7
2024-03-26,72.18,124.725
2024-03-27,72.635,125.34
2024-03-28,73.005,125.89
2024-03-29,73.28,126.435
2024-04-01,74.13,127.9
2024-04-02,75.325,129.435
2024-04-03,74.92,128.79
2024-04-04,75.185,129.155
2024-04-05,75.99,130.26
2024-04-08,74.23,127.71
2024-04-09,72.515,125.375
2024-04-10,73.64,126.955
2024-04-11,75.095,128.8
2024-04-12,78.695,133.625
2024-04-15,79.41,134.67
2024-04-16,80.955,136.685
2024-04-17,79.26,134.225
2024-04-18,77.76,132.3
2024-04-19,79.085,134.05
2024-04-22,78.98,133.885
2024-04-23,78.075,132.68
2024-04-24,78.87,133.705
2024-04-25,80.485,135.85
2024-04-26,78.065,132.465
2024-04-29,76.0,129.71
2024-04-30,76.245,129.745
2024-05-01,75.58,128.75
2024-05-02,74.345,127.105
2024-05-03,72.7275,125.215
2024-05-06,70.7215,121.845
2024-05-07,70.598,121.33
2024-05-08,72.77,125.1
2024-05-09,72.84,125.165
2024-05-10,72.565,124.815
2024-05-13,71.42,123.175
2024-05-14,71.015,122.625
2024-05-15,71.05,122.72
2024-05-16,70.0,121.38
2024-05-17,70.395,121.865
2024-05-20,70.243,121.47
2024-05-21,70.668,122.645
2024-05-22,71.069,122.805
2024-05-23,71.24,122.97
2024-05-24,72.41,122.69
2024-05-27,72.0,122.16
2024-05-28,70.94,120.75
2024-05-29,71.95,121.955
2024-05-30,72.77,123.005
2024-05-31,72.235,122.32
2024-06-03,71.5,121.36
2024-06-04,71.72,121.805
2024-06-05,71.95,122.15
2024-06-06,71.5,121.61
2024-06-07,71.275,121.265
2024-06-10,71.275,121.08
2024-06-11,72.05,118.435
2024-06-12,71.535,117.8
2024-06-13,72.085,118.63
2024-06-14,78.0,126.425
2024-06-17,78.075,126.505
2024-06-18,77.52,125.72
2024-06-19,76.61,124.17
2024-06-20,76.6225,124.37
2024-06-21,77.256,125.025
2024-06-24,78.62,127.1
2024-06-25,77.256,125.025
2024-06-26,79.2885,128.01
2024-06-27,78.3925,126.39
2024-06-28,78.586,132.43
2024-07-01,78.01,131.585
2024-07-02,76.5215,131.045
2024-07-03,75.317,127.96
2024-07-04,74.255,125.98
2024-07-05,73.882,125.445
2024-07-08,73.0655,124.2
2024-07-09,71.567,122.455
2024-07-10,71.7005,122.99
2024-07-11,70.5675,120.935
2024-07-12,71.0325,121.685
2024-07-15,142.989,244.99
2024-07-16,72.655,123.89
2024-07-17,74.1,125.925
2024-07-18,75.2,127.38
2024-07-19,77.015,129.73
2024-07-22,74.8,126.72
2024-07-23,72.27,123.345
2024-07-24,74.76,126.66
2024-07-25,76.19,128.52
2024-07-26,74.165,125.89
2024-07-29,74.535,126.39
2024-07-30,75.355,127.51
2024-07-31,73.825,124.435
2024-08-01,77.045,128.84
2024-08-02,80.585,133.475
2024-08-05,80.56,133.615
2024-08-06,80.26,133.185
2024-08-07,79.505,132.07
2024-08-08,77.735,129.745
2024-08-09,77.975,129.96
2024-08-12,77.4425,129.49
2024-08-13,78.3295,131.2
2024-08-14,77.708,129.56
2024-08-15,76.0195,127.01
2024-08-16,73.484,123.915
2024-08-19,70.88,120.725
2024-08-20,69.5805,118.95
2024-08-21,71.281,120.83
2024-08-22,70.6275,120.415
2024-08-23,69.726,119.185
2024-08-26,66.448,113.995
2024-08-27,67.03,115.32
2024-08-28,67.047,115.415
2024-08-29,67.372,115.61
2024-08-30,67.1835,115.235
2024-09-02,67.5775,116.4
2024-09-03,68.052,116.74
2024-09-04,70.427,120.795
2024-09-05,70.205,119.485
2024-09-06,70.5605,119.96
2024-09-09,71.4725,121.82
2024-09-10,70.602,119.67
2024-09-11,72.5865,122.1
2024-09-12,70.6685,120.785
2024-09-13,69.743,118.955
2024-09-16,68.26,117.24
2024-09-17,67.668,116.58
2024-09-18,67.2755,115.725
2024-09-19,65.964,114.415
2024-09-20,69.0305,110.545
2024-09-23,70.2045,111.145
2024-09-24,69.8765,111.305
2024-09-25,69.3045,110.505
2024-09-26,68.726,108.745
2024-09-27,68.563,108.825
2024-09-30,68.7065,109.285
2024-10-01,68.6175,109.75
2024-10-02,69.53,110.855
2024-10-03,69.2095,109.74
2024-10-04,69.0225,110.065
2024-10-07,67.8195,107.895
2024-10-08,68.814,109.82
2024-10-09,69.2305,109.105
2024-10-10,69.214,110.155
2024-10-11,69.1775,119.535
2024-10-14,69.0475,118.815
2024-10-15,67.979,117.265
2024-10-16,68.7305,118.635
2024-10-17,68.3375,118.215
2024-10-18,68.489,118.225
2024-10-21,68.419,118.315
2024-10-22,69.5165,119.875
2024-10-23,70.033,120.76
2024-10-24,69.218,119.625
2024-10-25,68.5335,117.835
2024-10-28,68.65,118.135
2024-10-29,68.5185,118.225
2024-10-30,68.6175,118.09
2024-10-31,69.453,118.955
2024-11-01,71.3685,121.655
2024-11-04,71.749,122.8
2024-11-05,72.735,124.855
2024-11-06,72.153,123.15
2024-11-07,69.913,120.755
2024-11-08,68.571,117.455
2024-11-11,68.776,118.825
2024-11-12,68.776,118.825
2024-11-13,70.342,120.65
2024-11-14,70.39,120.695
2024-11-15,72.522,122.655
2024-11-18,73.7095,125.245
2024-11-19,73.3485,124.97
2024-11-20,73.076,124.11
2024-11-21,73.934,125.06
2024-11-22,74.2395,126.02
2024-11-25,74.2395,126.02
2024-11-26,73.873,125.565
2024-11-27,75.35,127.24
2024-11-28,75.0405,127.295
2024-11-29,74.762,126.79
2024-12-02,74.161,124.305
2024-12-03,73.106,123.07
2024-12-04,72.749,122.305
2024-12-05,72.298,121.015
2024-12-06,72.165,120.975
2024-12-09,71.636,120.115
2024-12-10,71.683,120.33
2024-12-11,72.059,120.64
2024-12-12,71.538,119.895
2024-12-13,72.293,120.865
2024-12-16,73.404,121.905
2024-12-17,73.428,122.115
2024-12-18,74.6155,123.615
2024-12-19,76.68,127.05
2024-12-20,77.5295,128.335
2024-12-23,76.6315,125.845
2024-12-24,76.727,126.575
2024-12-25,76.895,126.655
2024-12-26,77.16,127.2
2024-12-27,76.795,125.885
2024-12-30,77.617,127.115
2024-12-31,79.008,130.25
2025-01-01,79.435,130.12
2025-01-02,78.5545,130.21
2025-01-03,78.281,128.825
2025-01-06,78.0715,128.31
2025-01-07,77.055,127.055
2025-01-08,77.8285,127.795
2025-01-09,80.1815,128.155
2025-01-10,79.988,126.615
2025-01-13,82.4295,128.5
2025-01-14,79.898,124.185
2025-01-15,79.0955,125.765
2025-01-16,76.4175,124.69
2025-01-17,77.775,126.43
2025-01-20,76.6385,125.24
2025-01-21,75.0835,123.535
2025-01-22,73.9715,121.295
2025-01-23,74.4025,122.565
2025-01-24,73.4445,121.89
2025-01-27,75.0835,123.535
2025-01-28,73.9715,121.295
2025-01-29,74.4025,122.565
2025-01-30,73.4445,121.89
2025-01-31,76.0405,125.24
2025-02-03,77.2415,127.055
2025-02-04,76.179,124.935
2025-02-05,77.123,126.14
2025-02-06,76.332,125.62
2025-02-07,75.1805,124.6
2025-02-10,75.666,124.785
2025-02-11,75.843,124.695
2025-02-12,74.6675,123.4
2025-02-13,72.995,122.195
2025-02-14,70.7635,120.365
2025-02-17,69.6045,117.8
2025-02-18,69.4025,116.83
2025-02-19,68.3345,115.805
2025-02-20,68.3345,115.805
2025-02-21,70.3025,118.985
2025-02-24,73.215,121.74
2025-02-25,76.0305,122.41
2025-02-26,74.197,121.265
2025-02-27,75.354,121.88
2025-02-28,79.236,127.055
2025-03-03,77.267,125.49
2025-03-04,78.468,127.175
2025-03-05,78.6945,126.885
2025-03-06,76.881,124.005
2025-03-07,77.4115,125.9
2025-03-10,78.0645,125.515
2025-03-11,79.4525,128.955
2025-03-12,79.335,127.99
2025-03-13,80.8155,128.19
2025-03-14,82.9245,131.34
2025-03-17,83.288,132.22
2025-03-18,85.445,134.355
2025-03-19,84.469,134.38
2025-03-20,89.313,131.4
2025-03-21,91.2645,133.42
2025-03-24,92.694,135.25
2025-03-25,92.7225,135.095
2025-03-26,91.43,133.525
2025-03-27,92.815,134.595
2025-03-28,93.555,135.445
2025-03-31,95.495,137.84
2025-04-01,95.29,138.095
2025-04-02,94.665,137.32
2025-04-03,100.695,144.68
2025-04-04,108.57,154.035
2025-04-07,126.28,174.755
2025-04-08,125.3685,172.685
2025-04-09,131.3085,181.735
2025-04-10,114.4445,160.485
2025-04-11,115.119,164.085
2025-04-14,109.0155,154.275
2025-04-15,106.6765,152.08
2025-04-16,109.7745,155.715
2025-04-17,107.621,153.775
2025-04-18,107.65,152.765
2025-04-21,107.3205,152.475
2025-04-22,109.0175,154.66
2025-04-23,102.857,148.49
2025-04-24,102.857,148.49
2025-04-25,96.6565,138.65
2025-04-28,95.4445,138.575
2025-04-29,95.6465,137.54
2025-04-30,97.932,139.84
2025-05-01,95.6465,137.54
2025-05-02,97.425,137.185
2025-05-05,96.28,136.43
2025-05-06,97.5405,136.79
2025-05-07,93.8455,133.93
2025-05-08,91.12,131.395
2025-05-09,90.6665,129.445
2025-05-12,84.67,123.74
2025-05-13,85.58,122.585
2025-05-14,82.885,121.095
2025-05-15,84.66,122.37
2025-05-16,82.9255,120.825
2025-05-19,82.9255,120.825
2025-05-20,82.8545,120.765
2025-05-21,82.636,119.8
2025-05-22,84.0595,121.645
2025-05-23,83.564,121.375
2025-05-26,82.0955,119.725
2025-05-27,81.1285,118.635
2025-05-28,79.44,116.31
2025-05-29,78.42,127.385
2025-05-30,79.23,128.485
2025-06-02,79.5345,128.93
2025-06-03,78.8765,127.7
2025-06-04,78.07,126.85
2025-06-05,78.065,127.775
2025-06-06,76.98,126.32
2025-06-09,74.809,123.19
2025-06-10,73.806,120.775
2025-06-11,73.07,121.245
2025-06-12,74.343,122.6
2025-06-13,76.503,127.685
2025-06-16,76.341,126.81
2025-06-17,77.414,126.675
2025-06-18,79.906,129.82
2025-06-19,82.126,132.74
2025-06-20,81.95,132.405
2025-06-23,82.62,134.66
2025-06-24,82.62,134.66
2025-06-25,82.62,134.66
2025-06-26,79.325,129.145
2025-06-27,78.515,128.18
2025-06-30,77.953,126.6
2025-07-01,77.894,128.48
2025-07-02,76.76,127.31
2025-07-03,76.76,127.31
2025-07-04,74.84,123.99
2025-07-07,75.075,125.34
2025-07-08,74.766,126.015
2025-07-09,74.541,124.74
2025-07-10,74.113,124.98
2025-07-11,74.686,125.41
2025-07-14,75.243,126.3
2025-07-15,75.2,126.135
2025-07-16,74.957,126.085
2025-07-17,74.618,125.695
2025-07-18,72.788,122.775
2025-07-21,72.453,119.765
2025-07-22,72.334,119.335
2025-07-23,71.742,119.145
2025-07-24,71.42,118.13
2025-07-25,71.514,117.91
2025-07-28,70.953,116.725
2025-07-29,71.485,117.625
2025-07-30,72.688,119.54
2025-07-31,72.14,119.625
2025-08-01,73.706,121.255
2025-08-04,75.301,124.045
2025-08-05,74.331,121.775
2025-08-06,74.331,121.775
2025-08-07,74.808,123.535
2025-08-08,74.773,123.215
2025-08-11,73.947,122.065
2025-08-12,73.407,121.815
2025-08-13,70.529,118.47
2025-08-14,69.086,115.91
2025-08-15,66.235,113.62
2025-08-18,66.62,112.36
2025-08-19,66.259,111.42
2025-08-20,67.505,113.535
2025-08-21,67.61,114.0
2025-08-22,67.929,118.94
2025-08-25,65.999,111.215
2025-08-26,67.117,113.155
2025-08-27,66.952,112.5
2025-08-28,67.564,114.2
2025-08-29,69.75,116.445
2025-09-01,72.24,121.07
2025-09-02,71.829,118.35
2025-09-03,71.688,118.585
2025-09-04,71.043,117.565
2025-09-05,69.115,115.77
2025-09-08,71.399,116.09
2025-09-09,71.399,116.09
2025-09-10,70.911,118.81
2025-09-11,70.464,118.095
2025-09-12,68.293,115.11
2025-09-15,68.171,114.905
2025-09-16,69.127,109.74
2025-09-17,69.8555,118.1055
2025-09-18,70.803,119.975
2025-09-19,70.339,119.835
2025-09-22,78.374,119.665
2025-09-23,80.804,125.83
2025-09-24,81.62,129.06
2025-09-25,82.2,129.82
2025-09-26,84.04,131.41
2025-09-29,82.434,131.642
2025-09-30,81.999,130.733
2025-10-01,81.1,130.0
2025-10-02,79.824,129.129
2025-10-03,78.735,127.929
2025-10-06,78.39,126.31
2025-10-07,78.138,125.888
2025-10-08,78.119,126.484
2025-10-09,79.215,127.8
2025-10-10,79.237,127.151
2025-10-13,81.086,130.715
2025-10-14,83.349,127.803
2025-10-15,81.659,131.151
2025-10-16,81.146,129.567
2025-10-17,82.755,131.067
2025-10-20,82.243,131.261
2025-10-21,81.245,129.882
2025-10-22,80.762,129.297
2025-10-23,81.321,129.648
2025-10-24,80.091,129.2355
2025-10-27,77.857,126.848
2025-10-28,75.327,124.965
2025-10-29,75.327,124.965
2025-10-30,73.861,122.143
2025-10-31,73.9685,122.7105
2025-11-03,73.78,121.296
2025-11-04,76.269,121.502
2025-11-05,77.177,125.953
2025-11-06,75.957,124.321
2025-11-07,77.01,124.455
2025-11-10,75.289,124.282
2025-11-11,74.398,124.396
2025-11-12,73.809,122.566
2025-11-13,73.887,121.549
2025-11-14,75.972,122.504
2025-11-17,74.135,122.044
2025-11-18,76.806,122.914
2025-11-19,73.78,121.296
2025-11-20,75.494,124.431
2025-11-21,77.728,124.87
2025-11-24,76.415,125.17
2025-11-25,74.849,123.596
2025-11-26,73.764,121.756
2025-11-27,73.78,121.296
2025-11-28,73.5,121.51
2025-12-01,73.973,122.815
2025-12-02,73.879,122.353
2025-12-03,72.997,121.802
2025-12-04,72.005,120.615
2025-12-05,72.247,120.495
2025-12-08,71.837,121.199
2025-12-09,72.96,121.926
2025-12-10,73.78,121.296
2025-12-11,73.829,125.484
2025-12-12,72.594,122.113
2025-12-15,72.03,121.578
2025-12-16,70.169,119.729
2025-12-17,73.78,121.296
2025-12-18,70.362,119.427
2025-12-19,73.78,121.296
2025-12-22,69.203,118.356
2025-12-23,69.019,117.84
2025-12-24,68.972,117.571
2025-12-25,69.564,118.773
2025-12-26,69.563,118.479
2025-12-29,69.494,118.456
2025-12-30,68.769,117.635
2025-12-31,68.857,117.493
2026-01-01,68.857,117.258
2026-01-02,68.454,116.987
2026-01-05,68.031,116.839
2026-01-06,67.711,116.589
2026-01-07,68.583,117.815
2026-01-08,69.697,118.643
2026-01-09,70.197,119.773
2026-01-12,72.118,121.438
2026-01-13,71.884,105.474
2026-01-14,72.277,122.154
2026-01-15,71.548,105.171
2026-01-16,71.083,120.979
2026-01-19,74.183,105.551
2026-01-20,75.716,124.419
2026-01-21,74.753,107.295
2026-01-22,74.231,121.434
2026-01-23,73.952,106.292
2026-01-26,73.691,120.79
2026-01-27,73.05,109.795
2026-01-28,75.376,123.1
2026-01-29,75.829,127.175
2026-01-30,76.363,125.24
2026-02-02,77.348,126.565
2026-02-03,76.501,125.49
2026-02-04,76.809,126.095
2026-02-05,80.053,129.805
2026-02-06,78.241,128.315
2026-02-09,76.86,124.641
2026-02-10,77.713,126.745
2026-02-11,78.95,128.36
2026-02-12,80.686,131.025
2026-02-13,81.544,132.61
2026-02-16,81.703,132.32
2026-02-17,82.303,133.32
2026-02-18,81.834,132.44
2026-02-19,81.962,132.96
2026-02-20,81.151,131.51
2026-02-23,80.906,130.99
2026-02-24,80.619,130.875
2026-03-02,86.177,137.16
2026-02-25,80.619,130.875
2026-02-26,80.816,131.14
2026-02-27,82.79,133.855
2026-03-03,86.177,137.16
