tanggal,Indonesia,Malaysia,Filipina,Thailand,Chile,Colombia,Brazil,Afrika_Selatan,Turki,India,Polandia,Jerman,Jepang,Argentina,Vietnam,Mexico,China,Portugal,Euro,Singapore,South_Korea,Ukraine
2024-11-11,15680.0,4.41,58.61,34.37,980.35,4361.71,5.76,17.94,34.34,84.39,4.09,1.84,153.72,998.19,25311.0,20.34,7.22,188.16,0.94,1.33,1401.4,41.35
2024-11-12,15780.0,4.44,58.83,34.8,985.1,4452.0,5.76,18.11,34.36,84.39,4.09,1.84,154.61,997.8,25349.0,20.59,7.23,188.73,0.94,1.34,1408.15,41.4
2024-11-13,15775.0,4.45,58.75,34.68,978.78,4478.56,5.8,18.22,34.36,84.38,4.11,1.85,155.46,998.19,25346.0,20.51,7.23,189.78,0.95,1.34,1404.0,41.33
2024-11-14,15855.0,4.49,58.79,35.1,975.51,4486.0,5.8,18.27,34.33,84.41,4.11,1.86,156.27,999.52,25394.0,20.4,7.23,190.39,0.95,1.35,1401.6,41.3
2024-11-15,15855.0,4.47,58.74,34.82,979.33,4429.77,5.8,18.19,34.42,84.41,4.1,1.86,154.3,998.37,25389.0,20.35,7.23,190.21,0.95,1.34,1398.45,41.34
2024-11-18,15850.0,4.48,58.68,34.8,972.96,4402.75,5.75,17.96,34.54,84.4,4.07,1.85,154.66,998.37,25398.0,20.21,7.23,189.16,0.94,1.34,1396.4,41.25
2024-11-19,15830.0,4.47,58.82,34.6,971.9,4391.99,5.77,18.05,34.43,84.41,4.09,1.85,154.66,1001.82,25401.0,20.11,7.24,189.21,0.94,1.34,1392.8,41.28
2024-11-20,15865.0,4.47,58.92,34.72,972.95,4402.06,5.77,18.12,34.46,84.41,4.11,1.86,155.44,1002.78,25416.0,20.28,7.25,190.14,0.95,1.34,1400.45,41.33
2024-11-21,15925.0,4.47,59.0,34.64,974.08,4392.45,5.81,18.11,34.45,84.5,4.15,1.87,154.54,1004.06,25420.0,20.42,7.24,191.41,0.95,1.35,1398.6,41.28
2024-11-22,15875.0,4.47,58.92,34.58,986.01,4416.49,5.81,18.11,34.55,84.46,4.16,1.88,154.78,1004.19,25422.0,20.44,7.25,192.44,0.96,1.35,1406.0,41.44
2024-11-25,15870.0,4.45,58.99,34.64,976.8,4385.8,5.81,18.06,34.56,84.29,4.11,1.86,154.23,1006.33,25416.0,20.3,7.25,191.02,0.95,1.35,1399.9,41.51
2024-11-26,15930.0,4.46,59.0,34.7,978.0,4402.38,5.81,18.2,34.64,84.34,4.1,1.86,153.08,1007.2,25413.0,20.65,7.25,191.14,0.95,1.35,1396.7,41.58
2024-11-27,15930.0,4.44,58.72,34.59,977.67,4386.95,5.93,18.18,34.64,84.45,4.07,1.85,151.09,1008.19,25387.0,20.59,7.25,189.74,0.95,1.34,1391.5,41.62
2024-11-28,15870.0,4.45,58.69,34.44,977.43,4402.49,6.01,18.11,34.64,84.5,4.08,1.85,151.55,1009.38,25376.0,20.43,7.24,189.99,0.95,1.34,1394.55,41.6
2024-11-29,15845.0,4.45,58.64,34.3,973.68,4433.36,5.97,18.06,34.7,84.49,4.06,1.85,149.77,1010.38,25346.0,20.38,7.25,189.55,0.95,1.34,1397.2,41.61
2024-12-02,15900.0,4.46,58.67,34.49,977.83,4460.08,6.07,18.13,34.72,84.7,4.08,1.86,149.6,1011.61,25372.0,20.4,7.27,190.96,0.95,1.34,1404.15,41.69
2024-12-03,15940.0,4.47,58.58,34.39,972.25,4440.81,6.05,18.12,34.73,84.7,4.09,1.86,149.6,1011.83,25401.0,20.32,7.29,190.77,0.95,1.34,1428.5,41.69
2024-12-04,15930.0,4.45,58.26,34.34,974.66,4415.73,6.04,18.16,34.74,84.74,4.07,1.86,150.59,1012.22,25405.0,20.3,7.26,190.74,0.95,1.34,1413.5,41.64
2024-12-05,15860.0,4.43,57.89,34.34,970.25,4415.27,6.01,18.02,34.7,84.74,4.03,1.85,150.1,1012.39,25392.0,20.2,7.26,189.39,0.94,1.34,1416.6,41.54
2024-12-06,15850.0,4.42,57.75,34.07,974.98,4407.95,6.09,18.03,34.7,84.7,4.04,1.85,150.0,1012.75,25385.0,20.19,7.27,189.71,0.95,1.34,1423.4,41.45
2024-12-09,15865.0,4.43,58.02,33.81,969.03,4372.26,6.08,17.77,34.83,84.73,4.04,1.85,151.21,1015.75,25374.0,20.24,7.26,189.96,0.95,1.34,1430.95,41.55
2024-12-10,15865.0,4.43,58.02,33.81,975.15,4371.19,6.05,17.81,34.85,84.85,4.05,1.86,151.95,1016.1,25372.0,20.17,7.25,190.44,0.95,1.34,1431.75,41.68
2024-12-11,15915.0,4.43,58.3,33.89,976.0,4345.1,5.96,17.7,34.88,84.84,4.07,1.86,152.45,1016.56,25375.0,20.14,7.26,191.01,0.95,1.34,1429.85,41.7
2024-12-12,15925.0,4.44,58.25,33.84,978.95,4346.97,6.0,17.8,34.88,84.87,4.08,1.87,152.63,1018.2,25394.0,20.22,7.27,191.52,0.96,1.35,1431.0,41.63
2024-12-13,15995.0,4.45,58.47,34.13,986.38,4317.91,6.06,17.87,34.95,84.8,4.06,1.86,153.65,1018.01,25404.0,20.13,7.27,190.91,0.95,1.35,1435.45,41.69
2024-12-16,16000.0,4.45,58.69,34.07,991.1,4321.25,6.13,17.86,34.95,84.87,4.05,1.86,154.15,1021.07,25393.0,20.14,7.28,190.72,0.95,1.35,1436.85,41.78
2024-12-17,16065.0,4.47,58.89,34.27,987.83,4345.8,6.11,18.1,34.98,84.9,4.07,1.86,153.46,1020.38,25428.0,20.18,7.28,191.1,0.95,1.35,1437.25,41.88
2024-12-18,16090.0,4.47,59.0,34.25,990.6,4372.84,6.29,18.34,35.04,84.96,4.12,1.89,154.8,1022.19,25452.0,20.37,7.29,193.65,0.97,1.36,1438.95,41.97
2024-12-19,16290.0,4.51,59.0,34.54,992.5,4378.59,6.14,18.39,35.09,85.08,4.11,1.89,157.44,1021.96,25461.0,20.31,7.3,193.47,0.97,1.36,1447.15,41.92
2024-12-20,16195.0,4.51,58.8,34.47,990.45,4386.38,6.09,18.31,35.19,85.02,4.09,1.88,156.31,1022.23,25455.0,20.07,7.3,192.21,0.96,1.36,1447.15,41.96
2024-12-23,16175.0,4.49,58.46,34.21,991.8,4419.98,6.19,18.56,35.22,85.12,4.1,1.88,157.17,1025.71,25450.0,20.17,7.3,192.67,0.96,1.36,1451.65,42.04
2024-12-24,16195.0,4.49,58.46,34.15,986.9,4373.69,6.16,18.68,35.19,85.2,4.1,1.88,157.19,1025.75,25441.0,20.17,7.3,192.8,0.96,1.36,1458.05,41.98
2024-12-25,16195.0,4.49,58.46,34.22,986.9,4373.69,6.16,18.66,35.11,85.2,4.11,1.88,157.33,1025.75,25431.0,20.17,7.29,192.64,0.96,1.36,1458.05,41.85
2024-12-26,16195.0,4.47,57.97,34.27,990.37,4383.85,6.18,18.84,35.17,85.27,4.09,1.88,157.99,1026.56,25431.0,20.23,7.3,192.36,0.96,1.36,1470.55,41.85
2024-12-27,16235.0,4.47,57.84,34.11,993.93,4408.03,6.19,18.7,35.06,85.54,4.09,1.88,157.87,1028.69,25452.0,20.33,7.3,192.29,0.96,1.36,1470.9,41.96
2024-12-30,16135.0,4.47,57.84,34.1,994.92,4404.8,6.18,18.81,35.31,85.54,4.11,1.88,156.84,1030.69,25483.0,20.65,7.3,192.64,0.96,1.36,1471.95,42.09
2024-12-31,16102.0,4.47,57.84,34.1,994.92,4405.77,6.18,18.84,35.37,85.61,4.13,1.89,157.2,1030.99,25485.0,20.83,7.3,193.64,0.97,1.37,1471.95,42.01
2025-01-01,16102.0,4.47,57.84,34.1,994.92,4405.77,6.18,18.8,35.37,85.65,4.13,1.89,157.24,1030.99,25488.0,20.82,7.3,193.59,0.97,1.37,1471.95,42.02
2025-01-02,16195.0,4.48,57.91,34.28,1005.25,4375.3,6.15,18.75,35.3,85.76,4.16,1.91,157.5,1031.62,25457.0,20.6,7.3,195.31,0.97,1.37,1471.35,42.08
2025-01-03,16190.0,4.5,58.2,34.46,1018.25,4346.85,6.19,18.72,35.38,85.78,4.14,1.9,157.26,1032.23,25428.0,20.63,7.32,194.49,0.97,1.37,1470.85,42.16
2025-01-06,16195.0,4.51,58.29,34.62,1011.6,4346.85,6.12,18.58,35.3,85.83,4.09,1.88,157.62,1034.75,25388.0,20.32,7.33,192.95,0.96,1.36,1460.55,42.25
2025-01-07,16131.0,4.49,58.16,34.48,1004.57,4340.06,6.1,18.7,35.33,85.72,4.12,1.89,158.05,1035.25,25374.0,20.33,7.33,193.89,0.97,1.36,1451.75,42.26
2025-01-08,16195.0,4.5,58.4,34.62,1001.89,4327.2,6.11,18.9,35.33,85.86,4.14,1.9,158.35,1035.74,25380.0,20.4,7.33,194.3,0.97,1.37,1460.55,42.33
2025-01-09,16200.0,4.5,58.5,34.63,1007.7,4332.0,6.04,18.93,35.34,85.86,4.14,1.9,158.14,1036.75,25382.0,20.51,7.33,194.65,0.97,1.37,1459.75,42.39
2025-01-10,16185.0,4.5,58.36,34.58,1012.75,4345.0,6.11,19.11,35.43,85.97,4.16,1.91,157.73,1036.76,25371.0,20.72,7.33,195.7,0.98,1.37,1471.3,42.26
2025-01-13,16275.0,4.51,58.72,34.79,1007.28,4306.75,6.1,19.04,35.48,86.58,4.17,1.91,157.48,1039.35,25397.0,20.65,7.33,195.69,0.98,1.37,1467.9,42.35
2025-01-14,16265.0,4.51,58.63,34.76,1003.07,4294.5,6.05,18.92,35.48,86.65,4.14,1.9,157.96,1040.28,25389.0,20.51,7.33,194.49,0.97,1.37,1461.25,42.28
2025-01-15,16320.0,4.5,58.61,34.73,1006.11,4302.14,6.01,18.78,35.45,86.36,4.14,1.9,156.47,1040.75,25387.0,20.46,7.33,194.85,0.97,1.37,1455.75,42.2
2025-01-16,16360.0,4.5,58.6,34.6,1012.35,4343.73,6.05,18.83,35.43,86.55,4.14,1.9,155.16,1041.25,25379.0,20.84,7.33,194.62,0.97,1.37,1458.25,42.15
2025-01-17,16365.0,4.51,58.62,34.46,1006.1,4335.35,6.08,18.75,35.4,86.61,4.15,1.9,156.3,1041.76,25333.0,20.79,7.33,195.16,0.97,1.37,1457.35,42.12
2025-01-20,16360.0,4.49,58.52,34.3,1001.72,4318.75,6.03,18.54,35.57,86.57,4.08,1.88,155.62,1045.75,25321.0,20.5,7.27,192.48,0.96,1.36,1440.25,42.19
2025-01-21,16335.0,4.48,58.49,34.1,1003.5,4306.16,6.03,18.5,35.63,86.59,4.08,1.88,155.52,1046.12,25272.0,20.63,7.27,192.26,0.96,1.35,1435.7,42.11
2025-01-22,16285.0,4.44,58.51,33.82,991.03,4266.2,5.94,18.49,35.65,86.33,4.06,1.88,156.53,1047.25,25098.0,20.5,7.28,192.61,0.96,1.36,1435.95,42.02
2025-01-23,16280.0,4.44,58.7,34.02,987.75,4230.88,5.92,18.51,35.65,86.47,4.05,1.88,156.05,1047.1,25108.0,20.39,7.29,192.48,0.96,1.36,1435.25,41.97
2025-01-24,16173.0,4.38,58.34,33.65,982.5,4178.25,5.91,18.4,35.67,86.21,4.01,1.86,156.0,1046.26,25085.0,20.27,7.24,190.99,0.95,1.35,1430.5,41.89
2025-01-27,16173.0,4.38,58.44,33.7,987.9,4198.48,5.9,18.73,35.75,86.34,4.02,1.86,154.51,1049.62,25081.0,20.68,7.24,191.08,0.95,1.34,1430.5,42.01
2025-01-28,16173.0,4.39,58.43,33.91,993.88,4219.0,5.87,18.69,35.73,86.53,4.03,1.88,155.54,1050.13,25083.0,20.56,7.24,192.21,0.96,1.35,1430.5,41.95
2025-01-29,16173.0,4.39,58.43,33.77,991.85,4169.15,5.87,18.54,35.81,86.56,4.03,1.88,155.22,1051.27,25081.0,20.52,7.24,192.38,0.96,1.35,1430.5,41.9
2025-01-30,16260.0,4.39,58.31,33.73,984.25,4155.03,5.88,18.59,35.78,86.63,4.04,1.88,154.29,1051.17,25082.0,20.73,7.24,192.94,0.96,1.35,1430.5,41.81
2025-01-31,16300.0,4.46,58.37,33.67,980.25,4209.33,5.84,18.67,35.67,86.62,4.06,1.89,155.19,1050.75,25082.0,20.68,7.24,193.47,0.97,1.36,1454.3,41.68
2025-02-03,16435.0,4.47,58.66,34.03,988.45,4161.71,5.81,18.75,35.96,87.2,4.09,1.89,154.73,1053.44,25291.0,20.37,7.24,193.82,0.97,1.36,1462.4,41.7
2025-02-04,16345.0,4.44,58.35,33.83,971.58,4160.14,5.76,18.68,35.93,87.08,4.06,1.88,154.34,1053.64,25181.0,20.51,7.24,193.16,0.96,1.35,1450.75,41.7
2025-02-05,16285.0,4.42,58.1,33.59,971.85,4176.42,5.8,18.56,35.91,87.46,4.04,1.88,152.61,1053.88,25165.0,20.58,7.27,192.72,0.96,1.35,1444.0,41.61
2025-02-06,16330.0,4.44,58.19,33.78,963.17,4135.67,5.76,18.44,35.88,87.58,4.03,1.88,151.41,1053.9,25258.0,20.46,7.29,193.08,0.96,1.35,1447.25,41.45
2025-02-07,16275.0,4.44,58.01,33.65,964.15,4122.38,5.81,18.4,36.0,87.43,4.06,1.89,151.41,1053.39,25312.0,20.56,7.29,194.12,0.97,1.35,1448.75,41.52
2025-02-10,16345.0,4.47,58.1,33.9,961.33,4137.3,5.79,18.45,36.01,87.48,4.06,1.9,152.0,1055.95,25386.0,20.61,7.31,194.51,0.97,1.36,1451.7,41.61
2025-02-11,16375.0,4.47,58.2,34.06,961.23,4139.46,5.77,18.48,36.04,86.83,4.03,1.89,152.49,1055.62,25529.0,20.56,7.31,193.49,0.97,1.35,1452.7,41.75
2025-02-12,16367.0,4.47,58.19,34.06,952.23,4167.04,5.76,18.53,36.1,86.89,4.01,1.88,154.42,1056.34,25567.0,20.54,7.31,193.09,0.96,1.35,1455.25,41.83
2025-02-13,16355.0,4.46,58.06,33.82,945.38,4139.08,5.77,18.49,36.14,86.9,3.98,1.87,152.8,1056.63,25467.0,20.41,7.29,191.58,0.96,1.34,1448.45,41.76
2025-02-14,16260.0,4.44,57.84,33.62,941.63,4126.25,5.7,18.39,36.23,86.83,3.97,1.86,152.31,1056.26,25399.0,20.31,7.26,191.08,0.95,1.34,1441.05,41.59
2025-02-17,16215.0,4.43,58.02,33.71,948.26,4126.85,5.71,18.4,36.24,86.88,3.97,1.87,151.51,1059.37,25476.0,20.29,7.26,191.22,0.95,1.34,1442.6,41.55
2025-02-18,16275.0,4.45,58.16,33.69,950.68,4093.0,5.68,18.41,36.28,86.95,3.97,1.87,152.06,1058.12,25527.0,20.25,7.28,191.92,0.96,1.34,1440.65,41.64
2025-02-19,16330.0,4.44,58.09,33.69,950.3,4101.37,5.72,18.52,36.3,86.95,4.01,1.88,151.47,1058.38,25520.0,20.45,7.28,192.35,0.96,1.34,1441.95,41.73
2025-02-20,16330.0,4.43,57.93,33.66,943.15,4076.72,5.7,18.35,36.29,86.67,3.96,1.86,149.64,1058.91,25526.0,20.32,7.24,190.91,0.95,1.33,1435.7,41.66
2025-02-21,16305.0,4.42,57.95,33.61,947.17,4082.25,5.73,18.38,36.38,86.71,3.98,1.87,149.27,1058.4,25520.0,20.42,7.25,191.7,0.96,1.34,1434.05,41.63
2025-02-24,16275.0,4.41,57.82,33.51,943.78,4118.26,5.77,18.38,36.44,86.71,3.96,1.87,149.72,1060.14,25477.0,20.48,7.25,191.53,0.96,1.34,1430.15,41.76
2025-02-25,16345.0,4.42,57.94,33.71,941.98,4128.66,5.75,18.42,36.44,87.2,3.94,1.86,149.03,1060.63,25519.0,20.47,7.25,190.69,0.95,1.34,1433.95,41.75
2025-02-26,16370.0,4.43,57.89,33.71,941.53,4103.88,5.81,18.39,36.46,87.2,3.95,1.87,149.1,1061.12,25551.0,20.42,7.26,191.22,0.95,1.34,1433.4,41.63
2025-02-27,16450.0,4.44,57.9,33.92,952.83,4131.46,5.83,18.46,36.44,87.2,4.0,1.88,149.81,1061.94,25542.0,20.49,7.29,192.81,0.96,1.35,1446.75,41.56
2025-02-28,16580.0,4.46,57.99,34.17,963.3,4154.14,5.88,18.69,36.38,87.51,4.04,1.89,150.63,1063.69,25557.0,20.55,7.28,193.23,0.96,1.35,1460.25,41.59
2025-03-03,16480.0,4.47,57.91,34.17,950.48,4108.13,5.88,18.61,36.45,87.36,3.97,1.86,149.5,1063.69,25597.0,20.69,7.29,191.16,0.95,1.35,1460.25,41.58
2025-03-04,16445.0,4.47,57.76,33.84,945.05,4159.5,5.88,18.49,36.45,87.27,3.92,1.84,149.79,1063.69,25566.0,20.59,7.26,188.67,0.94,1.34,1458.95,41.5
2025-03-05,16313.0,4.43,57.35,33.65,930.3,4112.75,5.76,18.33,36.43,86.97,3.85,1.81,148.88,1063.61,25512.0,20.41,7.24,185.82,0.93,1.33,1445.5,41.39
2025-03-06,16330.0,4.43,57.33,33.75,928.25,4102.99,5.76,18.13,36.41,87.12,3.87,1.81,147.98,1063.63,25499.0,20.29,7.24,185.89,0.93,1.33,1447.55,41.29
2025-03-07,16295.0,4.41,57.19,33.65,928.58,4130.83,5.79,18.24,36.47,86.88,3.85,1.81,148.04,1064.94,25513.0,20.25,7.25,185.07,0.92,1.33,1449.45,41.27
2025-03-10,16340.0,4.42,57.4,33.79,944.5,4179.77,5.86,18.33,36.56,87.33,3.88,1.81,147.27,1065.45,25519.0,20.36,7.26,185.04,0.92,1.33,1455.1,41.36
2025-03-11,16405.0,4.41,57.24,33.81,933.48,4132.3,5.81,18.21,36.58,87.21,3.85,1.79,147.78,1065.64,25480.0,20.27,7.23,183.61,0.92,1.33,1454.15,41.44
2025-03-12,16445.0,4.43,57.37,33.86,937.87,4107.04,5.8,18.34,36.59,87.21,3.85,1.8,148.25,1065.89,25462.0,20.18,7.24,184.13,0.92,1.33,1451.65,41.54
2025-03-13,16425.0,4.44,57.36,33.77,936.13,4124.38,5.8,18.33,36.61,87.01,3.86,1.8,147.81,1066.37,25493.0,20.09,7.24,184.74,0.92,1.34,1455.35,41.52
2025-03-14,16350.0,4.45,57.26,33.67,928.48,4100.22,5.74,18.2,36.6,87.01,3.84,1.8,148.64,1066.12,25519.0,19.93,7.24,184.29,0.92,1.33,1453.35,41.42
2025-03-17,16400.0,4.45,57.31,33.62,919.75,4072.39,5.68,18.09,36.64,86.8,3.83,1.79,149.21,1067.64,25531.0,19.95,7.23,183.55,0.92,1.33,1444.55,41.57
2025-03-18,16425.0,4.45,57.31,33.58,917.04,4118.11,5.67,18.14,36.69,86.57,3.82,1.79,149.27,1068.11,25531.0,19.92,7.23,183.18,0.91,1.33,1451.45,41.58
2025-03-19,16525.0,4.44,57.31,33.64,916.58,4162.88,5.65,18.12,37.88,86.44,3.84,1.79,148.69,1068.89,25541.0,20.07,7.23,183.88,0.92,1.33,1463.5,41.57
2025-03-20,16475.0,4.43,57.23,33.7,928.2,4171.58,5.68,18.16,37.87,86.37,3.87,1.8,148.78,1068.97,25556.0,20.15,7.25,184.75,0.92,1.33,1467.75,41.54
2025-03-21,16500.0,4.42,57.33,33.87,920.65,4144.75,5.73,18.23,37.75,85.97,3.88,1.81,149.32,1068.38,25592.0,20.24,7.25,185.33,0.92,1.34,1465.75,41.56
2025-03-24,16555.0,4.44,57.32,33.86,927.71,4144.75,5.76,18.25,37.98,85.64,3.87,1.81,150.7,1068.38,25640.0,20.04,7.26,185.61,0.93,1.34,1469.15,41.68
2025-03-25,16595.0,4.44,57.6,33.94,921.27,4107.81,5.7,18.27,37.98,85.76,3.86,1.81,149.91,1070.64,25630.0,20.05,7.26,185.79,0.93,1.34,1463.15,41.62
2025-03-26,16580.0,4.43,57.68,33.98,926.29,4129.0,5.74,18.26,37.99,85.72,3.89,1.82,150.57,1071.17,25574.0,20.11,7.27,186.43,0.93,1.34,1468.05,41.55
2025-03-27,16560.0,4.43,57.39,33.93,934.17,4170.55,5.75,18.23,37.97,85.79,3.87,1.81,151.05,1071.54,25582.0,20.3,7.26,185.61,0.93,1.34,1465.05,41.51
2025-03-28,16560.0,4.44,57.38,33.97,951.3,4201.7,5.76,18.43,37.99,85.46,3.86,1.81,149.84,1070.69,25577.0,20.38,7.26,185.15,0.92,1.34,1469.4,41.47
2025-03-31,16560.0,4.44,57.23,33.92,951.08,4182.91,5.71,18.32,37.92,85.46,3.87,1.81,149.96,1073.1,25577.0,20.47,7.26,185.35,0.92,1.34,1472.9,41.4
2025-04-01,16560.0,4.44,57.23,34.1,946.63,4145.5,5.68,18.47,37.96,85.46,3.88,1.81,149.61,1072.63,25629.0,20.36,7.27,185.76,0.93,1.34,1472.15,41.35
2025-04-02,16560.0,4.45,57.22,34.16,954.9,4156.13,5.66,18.89,37.92,85.51,3.84,1.8,149.28,1072.63,25636.0,20.19,7.27,184.72,0.92,1.35,1462.7,41.35
2025-04-03,16560.0,4.44,57.1,34.26,949.73,4156.2,5.63,18.73,37.96,85.44,3.82,1.77,146.06,1074.35,25798.0,19.94,7.28,181.39,0.9,1.33,1451.2,41.25
2025-04-04,16560.0,4.44,56.83,34.2,978.55,4274.23,5.84,19.14,38.01,85.24,3.89,1.79,146.93,1073.62,25785.0,20.44,7.28,182.99,0.91,1.35,1462.15,41.18
2025-04-07,16560.0,4.48,57.43,34.2,988.95,4384.8,5.91,19.66,38.01,85.84,3.93,1.79,147.84,1075.13,25790.0,20.7,7.32,183.73,0.92,1.35,1472.0,41.08
2025-04-08,16865.0,4.49,57.33,34.81,1000.0,4425.25,6.01,19.76,37.93,86.25,3.91,1.78,146.27,1075.68,26013.0,20.85,7.34,182.96,0.91,1.35,1480.65,41.18
2025-04-09,16865.0,4.5,57.33,34.56,980.13,4319.28,5.83,19.3,37.96,86.7,3.87,1.79,147.76,1076.39,26020.0,20.24,7.35,183.11,0.91,1.34,1472.05,41.32
2025-04-10,16800.0,4.47,57.37,34.2,986.8,4333.35,5.89,19.41,37.92,86.7,3.8,1.75,144.45,1076.63,25782.0,20.47,7.32,178.99,0.89,1.33,1457.1,41.43
2025-04-11,16795.0,4.42,56.98,33.63,971.92,4276.97,5.87,19.17,37.86,86.05,3.78,1.72,143.54,1074.78,25737.0,20.33,7.29,176.55,0.88,1.32,1421.6,41.36
2025-04-14,16775.0,4.41,57.09,33.63,967.56,4298.31,5.86,18.9,38.03,86.05,3.77,1.72,143.06,1196.46,25828.0,20.09,7.31,176.63,0.88,1.32,1424.35,41.3
2025-04-15,16815.0,4.41,56.78,33.63,971.95,4355.02,5.89,19.04,38.07,85.77,3.81,1.73,143.21,1198.6,25854.0,20.1,7.32,177.69,0.89,1.32,1428.25,41.18
2025-04-16,16825.0,4.41,56.75,33.25,969.13,4305.77,5.87,18.85,38.14,85.69,3.75,1.72,141.88,1137.99,25844.0,19.93,7.3,175.87,0.88,1.31,1415.9,41.26
2025-04-17,16825.0,4.41,56.75,33.29,965.68,4305.77,5.81,18.81,37.99,85.38,3.76,1.72,142.43,1137.99,25872.0,19.7,7.3,176.4,0.88,1.31,1416.55,41.42
2025-04-18,16825.0,4.41,56.75,33.44,965.68,4305.77,5.81,18.85,37.98,85.38,3.76,1.72,142.18,1137.99,25926.0,19.72,7.3,175.97,0.88,1.31,1423.8,41.32
2025-04-21,16805.0,4.37,56.62,33.1,961.5,4281.54,5.81,18.74,38.19,85.14,3.71,1.7,140.86,1096.42,25894.0,19.73,7.29,174.11,0.87,1.3,1420.35,41.41
2025-04-22,16855.0,4.39,56.69,33.22,942.5,4294.62,5.72,18.62,38.25,85.2,3.75,1.71,141.57,1102.81,25958.0,19.62,7.31,175.53,0.88,1.31,1425.65,41.59
2025-04-23,16865.0,4.39,56.57,33.42,944.28,4306.42,5.71,18.66,38.17,85.42,3.78,1.73,143.45,1162.63,25981.0,19.63,7.29,177.16,0.88,1.32,1427.1,41.76
2025-04-24,16870.0,4.37,56.57,33.44,934.43,4266.84,5.68,18.8,38.35,85.27,3.75,1.72,142.63,1175.25,26028.0,19.59,7.29,176.01,0.88,1.31,1433.05,41.71
2025-04-25,16830.0,4.37,56.26,33.56,934.42,4217.75,5.68,18.71,38.42,85.45,3.76,1.72,143.67,1168.81,26022.0,19.5,7.29,176.41,0.88,1.31,1440.2,41.81
2025-04-28,16855.0,4.36,56.44,33.67,943.83,4217.08,5.65,18.53,38.43,85.03,3.74,1.71,142.01,1177.61,26000.0,19.59,7.29,175.55,0.88,1.31,1436.45,41.69
2025-04-29,16762.0,4.33,56.16,33.4,946.75,4186.64,5.62,18.55,38.48,85.26,3.75,1.72,142.33,1164.8,25994.0,19.56,7.27,176.07,0.88,1.31,1434.25,41.52
2025-04-30,16601.0,4.32,55.86,33.42,948.4,4226.88,5.67,18.61,38.5,84.5,3.78,1.73,143.07,1171.3,25990.0,19.62,7.27,176.98,0.88,1.31,1424.3,41.53
2025-05-01,16601.0,4.32,55.86,33.42,948.4,4242.65,5.67,18.57,38.44,84.5,3.79,1.73,145.39,1171.3,25991.0,19.61,7.27,177.58,0.89,1.31,1424.3,41.62
2025-05-02,16435.0,4.26,55.59,33.06,947.95,4250.16,5.66,18.4,38.37,84.56,3.79,1.73,144.96,1171.3,25962.0,19.59,7.27,177.47,0.89,1.3,1401.1,41.67
2025-05-05,16435.0,4.2,55.77,33.06,941.53,4300.22,5.69,18.27,38.57,84.25,3.77,1.73,143.7,1201.35,25962.0,19.69,7.27,177.19,0.88,1.29,1401.1,41.57
2025-05-06,16450.0,4.23,55.62,32.66,940.35,4305.67,5.71,18.21,38.62,84.44,3.76,1.72,142.45,1195.74,25970.0,19.67,7.22,176.34,0.88,1.29,1401.1,41.44
2025-05-07,16536.0,4.24,55.41,32.71,946.48,4284.83,5.75,18.27,38.65,84.83,3.78,1.73,143.83,1139.0,25961.0,19.59,7.23,177.4,0.88,1.29,1392.15,41.47
2025-05-08,16495.0,4.28,55.62,32.84,935.53,4251.67,5.66,18.2,38.62,85.72,3.79,1.74,145.91,1111.98,25967.0,19.54,7.24,178.56,0.89,1.3,1404.95,41.55
2025-05-09,16515.0,4.3,55.48,33.02,936.81,4224.45,5.65,18.2,38.73,85.38,3.76,1.74,145.37,1127.8,25975.0,19.45,7.24,178.21,0.89,1.3,1398.1,41.55
2025-05-12,16515.0,4.3,55.48,33.02,946.59,4226.51,5.68,18.26,38.78,85.38,3.83,1.76,148.46,1131.0,25972.0,19.64,7.21,180.83,0.9,1.31,1418.3,41.52
2025-05-13,16515.0,4.32,55.8,33.22,940.18,4219.56,5.61,18.32,38.79,85.35,3.79,1.75,147.48,1125.03,25959.0,19.42,7.2,179.24,0.89,1.3,1415.8,41.55
2025-05-14,16550.0,4.29,55.86,33.22,942.76,4181.17,5.64,18.27,38.77,85.28,3.79,1.75,146.75,1131.37,25933.0,19.38,7.21,179.4,0.89,1.3,1403.5,41.49
2025-05-15,16515.0,4.28,55.75,33.37,938.85,4200.56,5.68,18.02,38.73,85.55,3.8,1.75,145.67,1138.12,25937.0,19.49,7.21,179.22,0.89,1.3,1398.55,41.48
2025-05-16,16440.0,4.29,55.65,33.24,942.78,4176.25,5.67,18.04,38.85,85.52,3.82,1.75,145.7,1142.26,25922.0,19.47,7.21,179.6,0.9,1.3,1401.75,41.53
2025-05-19,16430.0,4.29,55.68,33.07,937.78,4173.03,5.65,18.09,38.79,85.4,3.78,1.74,144.86,1138.59,25948.0,19.31,7.21,178.36,0.89,1.29,1390.7,41.49
2025-05-20,16415.0,4.3,55.62,33.07,944.1,4167.2,5.67,17.92,38.84,85.64,3.76,1.73,144.51,1143.17,25962.0,19.27,7.22,177.68,0.89,1.3,1394.0,41.5
2025-05-21,16395.0,4.27,55.66,32.79,944.1,4176.57,5.65,17.96,38.86,85.64,3.74,1.73,143.68,1146.13,25966.0,19.37,7.2,176.93,0.88,1.29,1371.4,41.47
2025-05-22,16330.0,4.27,55.61,32.83,942.46,4175.38,5.71,18.01,38.92,86.01,3.77,1.73,144.01,1136.48,25976.0,19.32,7.21,177.72,0.89,1.29,1383.0,41.5
2025-05-23,16222.0,4.23,55.27,32.58,938.97,4150.95,5.65,17.84,38.95,85.22,3.75,1.72,142.56,1132.03,25957.0,19.24,7.18,176.45,0.88,1.28,1366.0,41.52
2025-05-26,16240.0,4.22,55.44,32.62,940.1,4149.95,5.67,17.86,38.95,85.09,3.73,1.72,142.85,1143.25,25914.0,19.25,7.19,176.07,0.88,1.28,1370.4,41.65
2025-05-27,16273.0,4.24,55.56,32.73,937.4,4112.01,5.64,17.95,38.98,85.34,3.75,1.73,144.33,1156.38,25915.0,19.27,7.2,176.98,0.88,1.29,1376.4,41.64
2025-05-28,16290.0,4.22,55.49,32.62,941.0,4124.92,5.69,17.93,39.1,85.37,3.75,1.73,144.84,1160.25,25953.0,19.39,7.2,177.54,0.89,1.29,1375.2,41.54
2025-05-29,16290.0,4.24,55.74,32.77,935.3,4119.47,5.67,17.81,39.11,85.53,3.73,1.72,144.21,1183.45,26029.0,19.32,7.19,176.33,0.88,1.29,1370.9,41.52
2025-05-30,16290.0,4.26,55.77,32.83,945.68,4160.22,5.72,18.0,39.21,85.58,3.74,1.72,144.02,1189.45,26022.0,19.44,7.2,176.68,0.88,1.29,1382.6,41.57
2025-06-02,16248.0,4.26,55.71,32.83,939.03,4160.22,5.67,17.85,39.17,85.39,3.72,1.71,142.71,1180.77,26018.0,19.22,7.2,175.23,0.87,1.29,1379.15,41.68
2025-06-03,16290.0,4.25,55.73,32.83,941.17,4107.95,5.64,17.86,39.14,85.59,3.76,1.72,143.97,1184.31,26057.0,19.25,7.19,176.3,0.88,1.29,1379.15,41.56
2025-06-04,16290.0,4.25,55.78,32.71,937.05,4108.95,5.64,17.82,39.17,85.91,3.75,1.71,142.77,1185.3,26075.0,19.2,7.18,175.6,0.88,1.29,1364.85,41.55
2025-06-05,16275.0,4.23,55.64,32.51,931.0,4108.8,5.59,17.73,39.26,85.8,3.74,1.71,143.53,1189.84,26081.0,19.16,7.18,175.18,0.87,1.29,1355.75,41.43
2025-06-06,16275.0,4.23,55.64,32.61,934.89,4115.39,5.56,17.78,39.08,85.64,3.76,1.72,144.85,1184.91,26056.0,19.11,7.19,175.92,0.88,1.29,1355.75,41.43
2025-06-09,16275.0,4.23,55.83,32.67,937.1,4141.54,5.56,17.73,39.08,85.63,3.74,1.71,144.57,1185.44,26041.0,19.04,7.18,175.53,0.88,1.29,1354.9,41.53
2025-06-10,16273.0,4.24,55.83,32.66,940.49,4205.71,5.57,17.71,39.19,85.62,3.73,1.71,144.87,1187.8,26013.0,19.06,7.19,175.47,0.88,1.29,1367.05,41.52
2025-06-11,16260.0,4.24,55.88,32.64,934.2,4180.19,5.54,17.73,39.17,85.52,3.7,1.7,144.56,1181.54,26028.0,18.91,7.19,174.52,0.87,1.28,1369.05,41.56
2025-06-12,16235.0,4.22,55.88,32.46,930.08,4153.25,5.54,17.78,39.36,85.6,3.68,1.69,143.48,1184.51,26031.0,18.88,7.17,173.07,0.86,1.28,1356.3,41.39
2025-06-13,16295.0,4.25,56.17,32.44,940.28,4131.56,5.54,17.95,39.42,86.09,3.7,1.69,144.07,1182.29,26074.0,18.96,7.18,173.6,0.87,1.28,1363.25,41.48
2025-06-16,16265.0,4.24,56.42,32.48,936.33,4104.95,5.49,17.81,39.35,86.06,3.7,1.69,144.75,1182.29,26075.0,18.92,7.18,173.41,0.87,1.28,1359.1,41.57
2025-06-17,16280.0,4.24,56.69,32.57,945.3,4099.86,5.5,18.02,39.51,86.24,3.72,1.7,145.29,1162.92,26067.0,19.01,7.19,174.63,0.87,1.29,1372.9,41.55
2025-06-18,16300.0,4.25,56.95,32.61,944.08,4068.2,5.49,18.0,39.53,86.47,3.72,1.7,145.13,1142.27,26097.0,19.01,7.19,174.64,0.87,1.29,1373.25,41.7
2025-06-19,16395.0,4.26,57.45,32.76,940.2,4077.72,5.49,18.03,39.62,86.73,3.72,1.7,145.45,1164.37,26127.0,19.04,7.19,174.41,0.87,1.29,1380.3,41.84
2025-06-20,16385.0,4.25,57.17,32.75,942.88,4094.82,5.51,17.99,39.69,86.59,3.7,1.7,146.09,1164.37,26131.0,19.17,7.18,173.99,0.87,1.29,1370.75,41.94
2025-06-23,16485.0,4.29,57.61,33.0,947.7,4094.82,5.5,17.87,39.62,86.75,3.69,1.69,146.15,1171.39,26195.0,19.13,7.18,173.16,0.86,1.28,1382.35,41.93
2025-06-24,16350.0,4.25,57.16,32.67,934.95,4077.5,5.51,17.76,39.6,85.98,3.66,1.68,144.94,1174.1,26158.0,18.99,7.17,172.69,0.86,1.28,1359.25,41.74
2025-06-25,16290.0,4.24,56.71,32.66,937.38,4061.75,5.56,17.75,39.77,86.09,3.64,1.68,145.24,1188.89,26152.0,18.93,7.17,171.96,0.86,1.28,1361.6,41.63
2025-06-26,16205.0,4.23,56.6,32.48,931.65,4040.25,5.49,17.85,39.77,85.71,3.63,1.67,144.42,1188.89,26119.0,18.88,7.17,171.35,0.85,1.27,1353.55,41.56
2025-06-27,16205.0,4.23,56.56,32.62,941.48,4099.51,5.49,17.82,39.9,85.49,3.62,1.67,144.65,1188.31,26095.0,18.82,7.17,171.09,0.85,1.28,1361.55,41.73
2025-06-30,16238.0,4.21,56.32,32.5,931.62,4099.51,5.43,17.71,39.82,85.75,3.6,1.66,144.03,1203.63,26118.0,18.75,7.16,170.08,0.85,1.27,1353.75,41.76
2025-07-01,16198.0,4.2,56.34,32.43,929.45,4027.35,5.46,17.6,39.83,85.54,3.6,1.66,143.42,1219.25,26130.0,18.74,7.17,169.81,0.85,1.27,1357.95,41.85
2025-07-02,16242.0,4.23,56.38,32.45,927.13,3994.4,5.42,17.57,39.78,85.71,3.61,1.66,143.66,1229.06,26162.0,18.8,7.16,169.92,0.85,1.27,1356.25,41.75
2025-07-03,16198.0,4.22,56.24,32.38,929.98,3983.84,5.41,17.52,39.82,85.32,3.61,1.66,144.93,1231.19,26202.0,18.65,7.17,170.52,0.85,1.28,1364.7,41.76
2025-07-04,16185.0,4.22,56.43,32.36,930.55,3984.45,5.42,17.58,39.88,85.4,3.6,1.66,144.47,1241.14,26180.0,18.63,7.17,170.21,0.85,1.27,1363.2,41.72
2025-07-07,16230.0,4.24,56.7,32.58,943.0,4043.05,5.49,17.86,39.98,85.86,3.63,1.67,146.05,1262.13,26145.0,18.67,7.18,171.23,0.85,1.28,1377.9,41.87
2025-07-08,16208.0,4.24,56.36,32.53,941.94,4047.23,5.45,17.79,40.04,85.7,3.62,1.67,146.58,1254.6,26125.0,18.61,7.18,170.98,0.85,1.28,1371.65,41.8
2025-07-09,16243.0,4.25,56.57,32.7,949.88,4007.9,5.57,17.83,40.05,85.68,3.62,1.67,146.33,1254.6,26138.0,18.63,7.18,171.06,0.85,1.28,1374.95,41.8
2025-07-10,16220.0,4.25,56.46,32.7,950.26,4010.75,5.53,17.75,40.09,85.65,3.63,1.67,146.26,1256.0,26115.0,18.61,7.18,171.34,0.85,1.28,1373.0,41.84
2025-07-11,16211.0,4.25,56.48,32.51,958.48,4000.65,5.56,17.94,40.17,85.8,3.65,1.67,147.43,1259.88,26109.0,18.64,7.17,171.52,0.86,1.28,1377.15,41.8
2025-07-14,16245.0,4.25,56.66,32.39,967.3,4001.53,5.59,17.91,40.18,85.99,3.65,1.68,147.72,1278.25,26121.0,18.74,7.17,171.88,0.86,1.28,1383.0,41.8
2025-07-15,16260.0,4.24,56.72,32.41,966.41,4027.01,5.56,17.93,40.23,85.82,3.68,1.69,148.88,1261.25,26135.0,18.82,7.18,172.81,0.86,1.29,1387.5,41.8
2025-07-16,16278.0,4.25,57.08,32.53,966.41,4014.09,5.57,17.82,40.24,85.94,3.65,1.68,147.88,1261.26,26158.0,18.72,7.18,172.22,0.86,1.28,1389.75,41.88
2025-07-17,16331.0,4.25,57.26,32.52,962.7,4019.74,5.55,17.83,40.35,86.08,3.67,1.69,148.58,1274.26,26155.0,18.78,7.18,172.89,0.86,1.29,1392.1,41.76
2025-07-18,16290.0,4.24,57.17,32.38,964.58,4015.52,5.58,17.72,40.37,86.16,3.65,1.68,148.81,1285.16,26155.0,18.75,7.17,172.44,0.86,1.29,1390.65,41.76
2025-07-21,16311.0,4.23,57.16,32.36,954.05,4044.73,5.57,17.62,40.39,86.3,3.63,1.67,147.38,1274.95,26154.0,18.67,7.17,171.45,0.86,1.28,1382.7,41.75
2025-07-22,16310.0,4.23,57.05,32.31,950.5,4075.65,5.57,17.56,40.42,86.37,3.62,1.66,146.63,1254.85,26144.0,18.65,7.17,170.56,0.85,1.28,1380.9,41.75
2025-07-23,16293.0,4.23,56.89,32.16,949.17,4044.73,5.52,17.53,40.45,86.42,3.61,1.66,146.51,1257.84,26144.0,18.54,7.15,170.32,0.85,1.28,1376.15,41.8
2025-07-24,16287.0,4.22,56.67,32.26,950.2,4072.67,5.52,17.63,40.74,86.41,3.62,1.66,147.01,1273.52,26136.0,18.55,7.15,170.63,0.85,1.28,1372.0,41.77
2025-07-25,16315.0,4.22,57.13,32.38,963.5,4140.37,5.56,17.77,40.55,86.52,3.62,1.67,147.69,1280.33,26140.0,18.55,7.17,170.74,0.85,1.28,1382.8,41.77
2025-07-28,16342.0,4.23,57.17,32.38,967.74,4166.29,5.59,17.88,40.56,86.66,3.68,1.69,148.53,1293.69,26200.0,18.77,7.18,172.99,0.86,1.29,1389.3,41.75
2025-07-29,16398.0,4.23,57.33,32.43,971.25,4142.13,5.57,17.89,40.57,86.82,3.7,1.69,148.46,1291.38,26219.0,18.76,7.18,173.63,0.87,1.29,1389.8,41.81
2025-07-30,16393.0,4.24,57.59,32.48,981.85,4181.7,5.57,18.0,40.59,87.43,3.75,1.71,149.51,1316.98,26214.0,18.88,7.2,175.78,0.88,1.3,1390.45,41.72
2025-07-31,16455.0,4.27,58.33,32.68,972.61,4185.58,5.6,18.22,40.63,87.6,3.75,1.71,150.75,1370.2,26198.0,18.88,7.2,175.62,0.88,1.3,1393.4,41.74
2025-08-01,16493.0,4.28,58.17,32.86,968.9,4127.2,5.54,18.11,40.65,87.53,3.69,1.69,147.4,1364.0,26213.0,18.86,7.19,173.03,0.86,1.29,1389.3,41.8
2025-08-04,16390.0,4.24,57.38,32.45,966.13,4097.52,5.5,17.93,40.66,87.65,3.69,1.69,147.09,1359.08,26185.0,18.9,7.18,173.26,0.86,1.29,1385.05,41.71
2025-08-05,16381.0,4.23,57.65,32.38,965.98,4089.69,5.51,17.92,40.68,87.81,3.7,1.69,147.62,1339.44,26233.0,18.74,7.18,173.2,0.86,1.29,1386.45,41.65
2025-08-06,16363.0,4.23,57.51,32.4,975.5,4046.19,5.46,17.77,40.64,87.74,3.66,1.68,147.37,1331.88,26234.0,18.6,7.18,171.94,0.86,1.29,1386.1,41.51
2025-08-07,16290.0,4.23,57.01,32.32,969.45,4046.19,5.42,17.72,40.59,87.71,3.65,1.68,147.14,1326.63,26212.0,18.61,7.18,171.86,0.86,1.28,1386.5,41.46
2025-08-08,16291.0,4.24,57.1,32.33,966.13,4050.11,5.43,17.75,40.67,87.66,3.65,1.68,147.74,1325.38,26221.0,18.57,7.18,172.22,0.86,1.29,1388.0,41.44
2025-08-11,16274.0,4.23,57.05,32.33,969.85,4034.21,5.44,17.76,40.62,87.66,3.67,1.68,148.15,1322.07,26226.0,18.67,7.19,172.6,0.86,1.29,1390.85,41.38
2025-08-12,16289.0,4.23,57.08,32.33,955.32,4017.76,5.39,17.59,40.73,87.71,3.64,1.68,147.84,1317.18,26259.0,18.6,7.18,171.72,0.86,1.28,1383.95,41.5
2025-08-13,16195.0,4.21,56.76,32.26,953.69,4028.49,5.4,17.52,40.76,87.49,3.63,1.67,147.38,1313.0,26282.0,18.63,7.18,171.27,0.85,1.28,1379.6,41.46
2025-08-14,16110.0,4.21,56.92,32.37,966.34,4052.4,5.42,17.6,40.83,87.57,3.66,1.68,147.76,1298.22,26270.0,18.8,7.18,172.12,0.86,1.28,1390.35,41.43
2025-08-15,16160.0,4.21,57.08,32.43,966.34,4014.7,5.4,17.59,40.85,87.57,3.64,1.67,147.19,1298.22,26272.0,18.76,7.18,171.31,0.85,1.28,1390.35,41.25
2025-08-18,16160.0,4.22,57.04,32.46,963.93,4014.7,5.44,17.63,40.88,87.35,3.64,1.68,147.89,1292.8,26293.0,18.78,7.18,171.93,0.86,1.28,1387.95,41.33
2025-08-19,16245.0,4.22,57.11,32.51,963.33,4032.15,5.51,17.68,40.89,86.96,3.64,1.68,147.67,1292.0,26313.0,18.82,7.18,172.13,0.86,1.29,1391.45,41.36
2025-08-20,16270.0,4.23,56.97,32.55,967.0,4020.48,5.48,17.67,40.92,87.08,3.65,1.68,147.33,1300.62,26373.0,18.77,7.18,172.07,0.86,1.29,1397.4,41.29
2025-08-21,16285.0,4.22,56.97,32.62,970.85,4030.6,5.48,17.72,40.94,87.26,3.67,1.69,148.37,1314.19,26429.0,18.76,7.18,172.74,0.86,1.29,1399.15,41.25
2025-08-22,16345.0,4.23,56.95,32.65,958.78,4010.8,5.43,17.45,40.93,87.53,3.64,1.67,146.94,1321.8,26358.0,18.58,7.17,171.08,0.85,1.28,1383.0,41.36
2025-08-25,16253.0,4.21,56.95,32.44,964.78,4026.1,5.41,17.61,41.0,87.58,3.67,1.68,147.8,1356.85,26306.0,18.68,7.15,172.56,0.86,1.29,1390.55,41.4
2025-08-26,16295.0,4.22,57.07,32.49,965.97,4054.23,5.43,17.63,41.04,87.68,3.66,1.68,147.4,1356.22,26353.0,18.67,7.15,172.2,0.86,1.29,1393.95,41.36
2025-08-27,16360.0,4.24,57.18,32.47,968.28,4029.23,5.42,17.69,41.04,87.68,3.67,1.68,147.42,1351.68,26367.0,18.66,7.15,172.26,0.86,1.29,1394.7,41.36
2025-08-28,16345.0,4.22,57.12,32.37,967.68,4026.55,5.41,17.7,41.04,87.63,3.65,1.67,146.93,1335.41,26358.0,18.65,7.13,171.6,0.86,1.28,1384.85,41.31
2025-08-29,16490.0,4.22,57.14,32.39,966.88,4017.05,5.43,17.66,41.15,88.21,3.65,1.67,147.05,1344.48,26345.0,18.66,7.13,171.56,0.86,1.28,1389.9,41.34
2025-09-01,16421.0,4.22,57.22,32.32,968.72,4016.55,5.44,17.62,41.12,88.2,3.64,1.67,147.18,1376.16,26343.0,18.65,7.14,171.19,0.85,1.28,1393.45,41.29
2025-09-02,16400.0,4.23,57.53,32.39,973.4,4003.04,5.47,17.69,41.14,88.16,3.66,1.68,148.36,1360.25,26341.0,18.72,7.14,172.23,0.86,1.29,1395.75,41.43
2025-09-03,16415.0,4.23,57.32,32.35,969.1,4005.4,5.45,17.66,41.16,88.07,3.65,1.68,148.1,1361.15,26388.0,18.7,7.14,171.92,0.86,1.29,1389.35,41.37
2025-09-04,16420.0,4.23,57.07,32.33,972.38,3987.1,5.45,17.78,41.15,88.15,3.65,1.68,148.49,1362.54,26387.0,18.74,7.14,172.1,0.86,1.29,1395.3,41.35
2025-09-05,16420.0,4.23,56.92,32.19,965.89,3959.51,5.41,17.59,41.23,88.27,3.63,1.67,147.43,1365.0,26398.0,18.72,7.13,171.1,0.85,1.28,1386.95,41.21
2025-09-08,16304.0,4.22,56.71,31.87,970.13,3940.35,5.42,17.5,41.24,88.27,3.61,1.66,147.5,1418.76,26409.0,18.66,7.13,170.43,0.85,1.28,1387.35,41.18
2025-09-09,16475.0,4.21,56.99,31.67,967.93,3922.1,5.44,17.54,41.26,88.11,3.63,1.67,147.41,1415.99,26385.0,18.63,7.12,171.23,0.85,1.28,1388.45,41.23
2025-09-10,16461.0,4.22,57.13,31.79,962.76,3924.25,5.41,17.49,41.27,88.1,3.65,1.67,147.46,1423.81,26392.0,18.6,7.12,171.43,0.86,1.28,1388.5,41.29
2025-09-11,16462.0,4.22,57.21,31.85,952.29,3893.02,5.39,17.36,41.35,88.44,3.63,1.67,147.21,1432.19,26396.0,18.47,7.12,170.86,0.85,1.28,1389.2,41.37
2025-09-12,16378.0,4.2,57.12,31.71,954.25,3896.5,5.35,17.39,41.36,88.28,3.63,1.67,147.68,1453.85,26391.0,18.44,7.13,170.86,0.85,1.28,1393.55,41.25
2025-09-15,16410.0,4.2,57.19,31.89,951.19,3905.95,5.32,17.36,41.32,88.22,3.61,1.66,147.4,1466.01,26384.0,18.37,7.12,170.46,0.85,1.28,1386.3,41.16
2025-09-16,16440.0,4.2,56.93,31.68,947.81,3870.56,5.3,17.34,41.25,88.06,3.58,1.65,146.48,1468.86,26382.0,18.29,7.11,168.94,0.84,1.28,1379.55,41.22
2025-09-17,16430.0,4.19,56.89,31.73,952.05,3877.68,5.3,17.4,41.27,87.81,3.6,1.66,146.99,1473.9,26372.0,18.32,7.1,169.71,0.85,1.28,1378.4,41.21
2025-09-18,16505.0,4.2,57.06,31.8,952.05,3894.98,5.31,17.35,41.29,88.13,3.62,1.66,148.0,1474.24,26380.0,18.36,7.11,170.08,0.85,1.28,1388.05,41.13
2025-09-19,16588.0,4.21,57.13,31.85,952.05,3865.37,5.32,17.34,41.38,88.1,3.63,1.67,147.95,1474.75,26382.0,18.4,7.12,170.68,0.85,1.28,1397.2,41.36
2025-09-22,16605.0,4.2,57.06,31.8,955.83,3846.2,5.34,17.33,41.37,88.32,3.61,1.66,147.72,1409.8,26413.0,18.36,7.11,169.85,0.85,1.28,1391.25,41.35
2025-09-23,16665.0,4.2,57.29,31.81,948.85,3856.86,5.28,17.25,41.42,88.76,3.6,1.66,147.64,1366.18,26414.0,18.36,7.11,169.68,0.85,1.28,1394.6,41.4
2025-09-24,16676.0,4.21,57.47,32.0,952.66,3883.29,5.33,17.35,41.44,88.7,3.63,1.67,148.9,1337.83,26418.0,18.42,7.13,170.8,0.85,1.29,1404.3,41.46
2025-09-25,16750.0,4.21,58.1,32.13,961.3,3904.35,5.36,17.43,41.49,88.67,3.66,1.68,149.8,1337.25,26400.0,18.48,7.13,171.85,0.86,1.29,1409.25,41.48
2025-09-26,16741.0,4.22,58.13,32.24,959.88,3900.6,5.34,17.34,41.48,88.72,3.65,1.67,149.49,1329.46,26403.0,18.37,7.13,171.31,0.85,1.29,1410.5,41.37
2025-09-29,16680.0,4.22,58.14,32.26,966.43,3919.32,5.32,17.27,41.59,88.76,3.64,1.67,148.59,1358.12,26420.0,18.37,7.12,170.96,0.85,1.29,1400.4,41.27
2025-09-30,16665.0,4.21,58.21,32.4,962.5,3920.46,5.32,17.27,41.59,88.79,3.64,1.67,147.9,1379.7,26424.0,18.31,7.12,170.86,0.85,1.29,1403.8,41.11
2025-10-01,16610.0,4.21,58.15,32.36,959.55,3879.38,5.33,17.23,41.54,88.69,3.63,1.67,147.07,1423.8,26416.0,18.38,7.12,170.89,0.85,1.29,1403.1,41.24
2025-10-02,16588.0,4.21,58.1,32.37,961.79,3885.67,5.34,17.29,41.61,88.69,3.63,1.67,147.26,1424.75,26398.0,18.43,7.12,171.13,0.85,1.29,1406.35,41.1
2025-10-03,16540.0,4.21,57.88,32.39,965.32,3869.8,5.34,17.23,41.69,88.78,3.62,1.67,147.47,1424.71,26376.0,18.4,7.12,170.74,0.85,1.29,1406.35,41.33
2025-10-06,16554.0,4.22,58.35,32.45,962.07,3854.89,5.31,17.17,41.7,88.79,3.63,1.67,150.35,1429.75,26365.0,18.34,7.12,171.19,0.85,1.29,1406.35,41.3
2025-10-07,16540.0,4.21,58.12,32.51,959.13,3875.21,5.35,17.22,41.7,88.78,3.65,1.68,151.9,1429.62,26365.0,18.39,7.12,171.98,0.86,1.29,1406.35,41.33
2025-10-08,16560.0,4.22,57.96,32.53,951.03,3891.88,5.34,17.16,41.7,88.8,3.66,1.68,152.69,1429.75,26361.0,18.34,7.12,172.41,0.86,1.3,1406.35,41.46
2025-10-09,16545.0,4.22,58.27,32.59,950.84,3885.77,5.37,17.22,41.77,88.79,3.68,1.69,153.07,1420.54,26348.0,18.39,7.13,173.36,0.86,1.3,1406.35,41.53
2025-10-10,16553.0,4.22,58.27,32.72,960.03,3923.53,5.52,17.5,41.83,88.7,3.67,1.68,151.19,1420.54,26340.0,18.59,7.14,172.55,0.86,1.3,1425.3,41.65
2025-10-13,16560.0,4.23,58.24,32.72,958.84,3923.53,5.47,17.32,41.81,88.68,3.68,1.69,152.28,1349.25,26344.0,18.47,7.13,173.28,0.86,1.3,1425.0,41.68
2025-10-14,16575.0,4.23,58.24,32.79,960.96,3924.17,5.48,17.38,41.82,88.8,3.67,1.69,151.84,1356.38,26355.0,18.5,7.14,172.73,0.86,1.3,1428.5,41.8
2025-10-15,16565.0,4.23,58.06,32.55,961.04,3894.88,5.45,17.35,41.84,88.07,3.65,1.68,151.05,1361.62,26342.0,18.46,7.13,172.13,0.86,1.3,1422.5,41.69
2025-10-16,16573.0,4.23,58.14,32.55,955.98,3844.59,5.44,17.34,41.85,87.83,3.64,1.67,150.43,1406.81,26336.0,18.44,7.12,171.54,0.86,1.29,1416.95,41.7
2025-10-17,16585.0,4.23,58.18,32.66,957.6,3831.32,5.41,17.37,41.92,87.97,3.64,1.68,150.61,1463.15,26342.0,18.37,7.13,172.02,0.86,1.3,1422.15,41.74
2025-10-20,16575.0,4.23,58.17,32.7,950.95,3884.52,5.37,17.23,41.79,87.93,3.64,1.68,150.75,1477.39,26342.0,18.39,7.12,172.21,0.86,1.29,1420.4,41.72
2025-10-21,16590.0,4.23,58.23,32.76,953.65,3892.88,5.39,17.4,41.94,87.93,3.66,1.69,151.93,1490.31,26343.0,18.44,7.12,172.84,0.86,1.3,1432.35,41.74
2025-10-22,16575.0,4.23,58.43,32.88,950.5,3909.61,5.4,17.41,41.91,87.93,3.65,1.68,151.98,1488.42,26348.0,18.43,7.13,172.67,0.86,1.3,1431.1,41.8
2025-10-23,16620.0,4.23,58.62,32.88,944.51,3882.05,5.38,17.33,41.93,87.85,3.64,1.68,152.57,1485.87,26333.0,18.4,7.12,172.56,0.86,1.3,1437.4,41.87
2025-10-24,16595.0,4.22,58.63,32.77,941.55,3852.07,5.39,17.27,41.96,87.85,3.65,1.68,152.86,1491.72,26309.0,18.45,7.12,172.42,0.86,1.3,1439.2,42.06
2025-10-27,16615.0,4.21,58.91,32.71,941.43,3848.27,5.37,17.22,41.87,88.24,3.63,1.68,152.88,1432.27,26302.0,18.4,7.11,172.16,0.86,1.3,1432.9,42.05
2025-10-28,16605.0,4.2,59.14,32.45,943.4,3897.41,5.36,17.16,41.96,88.27,3.63,1.68,152.11,1473.43,26320.0,18.43,7.1,172.07,0.86,1.29,1433.0,41.96
2025-10-29,16619.0,4.19,58.71,32.27,941.83,3873.6,5.36,17.2,41.95,88.2,3.66,1.69,152.73,1437.7,26334.0,18.48,7.1,172.81,0.86,1.3,1421.1,41.99
2025-10-30,16640.0,4.2,58.89,32.38,942.38,3862.4,5.38,17.29,41.97,88.7,3.67,1.69,154.13,1439.12,26331.0,18.53,7.11,173.36,0.86,1.3,1430.4,41.87
2025-10-31,16630.0,4.19,58.89,32.34,942.38,3854.68,5.38,17.33,42.06,88.77,3.69,1.7,153.99,1445.23,26314.0,18.55,7.12,173.77,0.87,1.3,1430.0,41.97
2025-11-03,16657.0,4.2,58.8,32.46,938.63,3854.68,5.36,17.32,42.06,88.78,3.69,1.7,154.22,1480.1,26310.0,18.48,7.12,174.03,0.87,1.3,1430.95,41.98
2025-11-04,16700.0,4.197,58.528,32.55,946.53,3857.9,5.4005,17.5117,42.0903,88.6588,3.7104,1.7033,153.67,1458.8397,26319.0,18.6926,7.1295,174.601,0.8709,1.3079,1440.4,42.05
2025-11-05,16705.0,4.1915,58.84,32.535,944.32,3834.5,5.357,17.4181,42.1016,88.6588,3.7024,1.7018,154.12,1450.5688,26322.0,18.5982,7.1268,174.447,0.8701,1.307,1441.3,42.08
2025-11-06,16694.0,4.183,58.973,32.365,943.4,3785.9,5.3521,17.3765,42.1141,88.625,3.6799,1.6938,153.06,1450.5688,26315.0,18.5806,7.1193,173.62,0.866,1.3036,1449.8,42.0025
2025-11-07,16685.0,4.1768,59.04,32.347,945.7,3783.68,5.334,17.3037,42.2132,88.665,3.6673,1.6909,153.42,1419.0828,26310.0,18.4478,7.1221,173.33,0.8646,1.3012,1461.45,41.85
2025-11-10,16654.0,4.1595,58.959,32.365,938.8,3754.4,5.301,17.1604,42.235,88.6987,3.6636,1.6923,154.15,1420.2368,26300.0,18.3873,7.1186,173.469,0.8653,1.3025,1456.45,42.0471
2025-11-11,16689.0,4.14,58.977,32.4,934.55,3736.47,5.2734,17.1596,42.2364,88.5675,3.6521,1.6886,154.16,1412.7043,26312.0,18.3193,7.1173,173.092,0.8634,1.3011,1462.25,41.92
2025-11-12,16703.0,4.134,59.185,32.507,930.1,3707.02,5.2924,17.0843,42.129,88.6413,3.6508,1.687,154.79,1408.9637,26350.0,18.2948,7.111,172.93,0.8626,1.3018,1471.05,42.0741
2025-11-13,16727.0,4.128,59.015,32.295,928.75,3745.98,5.2991,17.0426,42.2714,88.6662,3.6372,1.6812,154.56,1408.0593,26345.0,18.3163,7.0961,172.336,0.8596,1.3006,1466.0,42.0023
2025-11-14,16704.0,4.1328,59.055,32.4,927.25,3755.13,5.2974,17.0904,42.3294,88.7425,3.6379,1.683,154.55,1403.3606,26350.0,18.304,7.0993,172.518,0.8605,1.2986,1451.35,42.0014
2025-11-17,16729.0,4.1502,58.933,32.43,923.46,3755.94,5.328,17.1728,42.3205,88.6387,3.6527,1.6873,155.26,1386.8667,26353.0,18.425,7.1077,172.953,0.8627,1.3033,1460.65,42.073
2025-11-18,16745.0,4.1632,58.995,32.44,932.83,3722.17,5.3238,17.1851,42.3496,88.6113,3.6593,1.6888,155.51,1398.0645,26380.0,18.3457,7.1094,173.114,0.8635,1.3019,1462.25,42.091
2025-11-19,16703.0,4.1495,58.935,32.412,931.63,3713.67,5.3333,17.1966,42.3442,88.5875,3.6651,1.6952,157.16,1406.6396,26377.0,18.3381,7.114,173.762,0.8667,1.307,1468.3,42.1
2025-11-20,16732.0,4.1578,59.053,32.443,929.46,3763.92,5.3333,17.2419,42.3702,88.7075,3.6753,1.6966,157.47,1424.8741,26379.0,18.3853,7.1165,173.908,0.8675,1.3079,1472.15,42.21
2025-11-21,16700.0,4.1475,58.845,32.48,939.43,3807.4,5.4032,17.3783,42.4349,89.4088,3.6838,1.6988,156.41,1424.8741,26362.0,18.4788,7.1052,174.131,0.8686,1.3077,1471.55,42.25
2025-11-24,16695.0,4.1403,58.88,32.482,940.12,3801.71,5.3898,17.2964,42.4261,89.2375,3.6769,1.6976,156.89,1424.8741,26366.0,18.507,7.1031,174.014,0.868,1.3052,1476.4,42.4432
2025-11-25,16662.0,4.1345,58.92,32.31,935.5,3813.3,5.3859,17.2196,42.4495,89.2225,3.6493,1.6904,156.05,1447.1235,26371.0,18.3846,7.0846,173.274,0.8643,1.3013,1468.3,42.3075
2025-11-26,16662.0,4.1363,58.862,32.237,926.37,3729.34,5.3337,17.1405,42.4517,89.27,3.6501,1.6868,156.47,1452.7849,26374.0,18.347,7.0761,172.902,0.8624,1.2975,1468.9,42.2743
2025-11-27,16643.0,4.1315,58.787,32.237,928.94,3743.55,5.354,17.1564,42.4448,89.3062,3.6477,1.6866,156.31,1450.1563,26375.0,18.3542,7.0795,172.89,0.8624,1.2973,1462.65,42.25
2025-11-28,16660.0,4.1328,58.635,32.195,927.9,3755.34,5.3351,17.113,42.4895,89.4563,3.6529,1.6863,156.18,1450.0742,26365.0,18.2955,7.0745,172.855,0.8622,1.2967,1467.3,42.2689
2025-12-01,16659.0,4.1315,58.544,31.993,929.8,3815.61,5.3559,17.0915,42.4168,89.5587,3.6441,1.6846,155.46,1450.8796,26369.0,18.3048,7.072,172.681,0.8613,1.2965,1467.25,42.3325
2025-12-02,16623.0,4.1307,58.525,32.005,921.78,3811.0,5.3279,17.1108,42.4519,89.875,3.6408,1.6825,155.88,1455.6973,26375.0,18.2855,7.0712,172.461,0.8602,1.2966,1469.0,42.3229
2025-12-03,16622.0,4.1217,58.908,31.927,921.78,3811.0,5.3279,17.0863,42.4462,90.1913,3.6297,1.6774,155.57,1455.6973,26373.0,18.2528,7.0643,171.943,0.8576,1.2949,1465.65,42.25
2025-12-04,16650.0,4.1125,59.037,32.04,918.08,3799.05,5.312,16.9961,42.4785,89.98,3.636,1.6796,155.1,1445.8759,26370.0,18.2342,7.0719,172.17,0.8588,1.2961,1473.5,42.1763
2025-12-05,16644.0,4.1108,58.935,32.04,923.66,3842.61,5.4506,16.9338,42.523,89.9938,3.6316,1.6799,155.33,1433.8501,26363.0,18.1713,7.0711,172.203,0.8589,1.296,1472.05,42.0085
2025-12-08,16690.0,4.113,58.935,31.85,923.66,3842.61,5.4323,17.042,42.5719,90.0912,3.6416,1.6806,155.92,1433.8501,26360.0,18.2644,7.072,172.274,0.8593,1.2975,1469.4,42.1473
2025-12-09,16665.0,4.114,59.198,31.815,925.63,3864.73,5.4399,17.0542,42.5995,89.8862,3.6358,1.6822,156.88,1438.1895,26370.0,18.1993,7.0636,172.438,0.8601,1.2976,1469.7,42.25
2025-12-10,16685.0,4.1178,59.225,31.815,923.06,3839.77,5.4718,0.0,42.6083,89.9775,3.6121,0.0,156.02,1437.7336,26357.0,18.1669,7.068,171.419,0.855,0.0,1471.0,42.3919
2025-12-11,16675.0,4.1077,59.0,31.755,923.06,3839.77,5.4718,0.0,42.6155,90.365,3.6132,0.0,155.85,1437.7336,26332.0,18.194,7.0578,171.317,0.8545,0.0,1472.65,42.3262
2025-12-12,16640.0,4.097,59.087,31.59,907.69,3800.46,5.4181,16.8854,42.695,90.42,3.5978,1.6659,155.81,1440.6899,26307.0,18.0119,7.055,170.768,0.8518,1.2918,1477.8,42.2009
2025-12-15,16668.0,4.0925,59.075,31.43,915.38,3830.05,5.4191,16.7962,42.6982,90.7337,3.591,1.6641,155.23,1438.2877,26316.0,17.9867,7.048,170.579,0.8508,1.2895,1468.05,42.1039
2025-12-16,16692.0,4.088,58.746,31.517,915.38,3830.05,5.4191,16.7997,42.7143,91.0225,3.5937,1.6643,154.85,1438.2877,26340.0,17.9675,7.042,170.598,0.8509,1.2901,1475.35,42.2012
2025-12-17,16688.0,4.0885,58.73,31.5,917.93,3864.8,5.5145,16.7741,42.7188,90.3775,3.5905,1.6659,155.69,1450.2145,26334.0,18.0086,7.044,170.759,0.8517,1.2911,1474.6,42.3954
2025-12-18,16716.0,4.0863,58.555,31.467,910.53,3859.92,5.5223,16.7339,42.7365,90.2513,3.5859,1.6685,155.55,1450.7676,26326.0,17.9971,7.0413,171.025,0.8531,1.2898,1474.4,42.2275
2025-12-19,16745.0,4.076,58.732,31.463,910.32,3823.85,5.5434,16.7764,42.8064,89.6525,3.5912,1.6702,157.75,1449.4379,26315.0,18.0395,7.041,171.204,0.854,1.293,1478.05,42.1982
2025-12-22,16776.0,4.0782,58.717,31.18,909.25,3783.35,5.5915,16.7106,42.7821,89.6537,3.5849,1.6629,157.05,1451.115,26334.0,17.9835,7.037,170.455,0.8502,1.2888,1480.7,42.0273
2025-12-23,16780.0,4.0642,58.845,31.12,907.47,3760.55,5.5285,16.6841,42.8371,89.6625,3.5791,1.6582,156.23,1450.2694,26331.0,17.9001,7.0296,169.975,0.8478,1.2853,1481.15,41.8051
2025-12-24,16762.0,4.0465,58.845,31.022,904.35,3736.1,5.5402,16.6653,42.8471,89.78,3.5844,1.6604,155.93,1450.2004,26320.0,17.9432,7.0157,170.204,0.849,1.2834,1446.9,42.0452
2025-12-25,16762.0,4.0465,58.845,31.092,904.35,3736.1,5.5402,16.6607,42.8937,89.78,3.5784,1.6597,155.83,1450.2004,26282.0,17.9371,7.0057,170.131,0.8486,1.2837,1446.9,41.9865
2025-12-26,16762.0,4.0485,58.765,31.068,907.66,3697.0,5.5435,16.6614,42.8678,89.8525,3.5797,1.6614,156.57,1451.9919,26292.0,17.9115,7.0054,170.303,0.8495,1.2842,1442.3,42.1317
2025-12-29,16788.0,4.0602,58.822,31.448,915.43,3748.3,5.5728,16.6778,42.9369,89.9812,3.5905,1.6613,156.06,1456.9163,26285.0,17.9794,7.006,170.293,0.8494,1.2857,1434.0,42.25
2025-12-30,16769.0,4.0485,58.822,31.505,899.31,3777.62,5.4749,16.5929,42.9424,89.7888,3.5941,1.6648,156.41,1453.2429,26270.0,17.9952,6.9958,170.65,0.8512,1.2846,1439.75,42.335
2025-12-31,16690.0,4.0603,58.822,31.505,900.58,3777.62,5.4749,16.5611,42.984,89.8763,3.589,1.6651,156.71,1451.6226,26298.0,18.008,6.988,170.685,0.8514,1.2854,1439.75,42.177
2026-01-01,16690.0,4.0603,58.822,31.505,900.58,3777.62,5.4749,16.5949,42.984,89.9662,3.5982,1.6651,156.75,1451.6226,26274.0,17.9986,6.988,170.682,0.8514,1.285,1439.75,42.15
2026-01-02,16725.0,4.054,58.862,31.505,906.63,3775.23,5.4247,16.4952,43.0344,90.1962,3.5918,1.669,156.84,1474.6743,26288.0,17.9038,6.988,171.077,0.8533,1.286,1444.7,42.2909
2026-01-05,16740.0,4.072,59.112,31.325,903.97,3737.27,5.4078,16.3708,43.0408,90.285,3.5938,1.6685,156.38,1469.4564,26271.0,17.9191,6.9886,171.032,0.8531,1.2827,1445.14,42.4145
2026-01-06,16750.0,4.0472,59.2,31.245,893.8,3715.0,5.3756,16.3556,43.0351,90.1763,3.6009,1.6733,156.65,1467.0613,26276.0,17.995,6.9839,171.52,0.8555,1.2805,1447.45,42.546
2026-01-07,16775.0,4.0582,59.365,31.28,895.8,3743.6,5.3887,16.4532,43.0469,89.8862,3.6046,1.6753,156.76,1460.745,26274.0,17.9793,6.9916,171.726,0.8566,1.2823,1448.25,42.875
2026-01-08,16793.0,4.0623,59.185,31.517,897.43,3710.19,5.3861,16.5294,43.0487,90.0275,3.6119,1.6774,156.87,1463.2693,26270.0,17.9731,6.9845,171.945,0.8577,1.2847,1452.55,43.09
2026-01-09,16805.0,4.0725,59.259,31.425,894.04,3715.39,5.366,16.4926,43.0771,90.165,3.6202,1.6807,157.89,1464.7065,26266.0,17.9771,6.9783,172.279,0.8593,1.2874,1459.11,43.135
2026-01-12,16833.0,4.0635,59.263,31.235,884.63,3715.39,5.3747,16.3902,43.1133,90.165,3.6091,1.6764,158.14,1466.9475,26272.0,17.9291,6.9731,171.839,0.8571,1.2858,1467.8,43.29
2026-01-13,16865.0,4.0575,59.345,31.47,886.24,3629.02,5.3737,16.4022,43.1585,90.1875,3.6187,1.6799,159.14,1457.6226,26281.0,17.8305,6.9777,172.201,0.8589,1.2887,1475.98,43.1237
2026-01-14,16860.0,4.049,59.445,31.43,882.4,3682.48,5.3928,16.4058,43.1875,90.3,3.6163,1.6797,158.46,1453.4263,26277.0,17.7911,6.9729,172.177,0.8588,1.2879,1464.7,43.3862
2026-01-15,16885.0,4.056,59.47,31.392,883.04,3689.5,5.3707,16.3349,43.2271,90.3,3.6281,1.6848,158.63,1442.3481,26270.0,17.6563,6.9671,172.703,0.8614,1.2882,1468.9,43.541
2026-01-16,16885.0,4.0575,59.354,31.403,886.42,3696.82,5.3713,16.4049,43.2796,90.8675,3.6376,1.6863,158.12,1429.5831,26272.0,17.628,6.9703,172.858,0.8622,1.2889,1474.85,43.34
2026-01-19,16942.0,4.0547,59.453,31.255,888.97,3655.63,5.3657,16.3829,43.2746,90.9163,3.6277,1.6795,158.11,1435.0022,26265.0,17.5726,6.9641,172.154,0.8587,1.285,1473.2,43.3044
2026-01-20,16950.0,4.0553,59.46,31.075,885.5,3671.93,5.3759,16.4248,43.2867,90.9775,3.6023,1.6681,158.15,1434.2819,26265.0,17.5987,6.9608,170.99,0.8529,1.284,1477.55,43.2524
2026-01-21,16935.0,4.048,59.276,31.085,874.53,3671.05,5.3166,16.261,43.3009,91.7012,3.606,1.6739,158.3,1430.4994,26265.0,17.4825,6.9648,171.579,0.8558,1.2846,1465.85,43.02
2026-01-22,16885.0,4.038,59.165,31.39,869.66,3603.5,5.2879,16.1326,43.2885,91.625,3.5719,1.6638,158.41,1428.6587,26271.0,17.4699,6.9696,170.549,0.8507,1.281,1465.15,43.15
2026-01-23,16822.0,4.0068,59.085,31.195,866.45,3645.04,5.2857,16.1274,43.3751,91.96,3.5583,1.6536,155.7,1433.9641,26243.0,17.3627,6.9632,169.503,0.8455,1.2727,1464.0,43.1376
2026-01-26,16780.0,3.965,58.973,31.077,864.75,3682.05,5.2831,16.049,43.3942,91.96,3.5421,1.6463,154.18,1437.7075,26194.0,17.3629,6.9542,168.754,0.8417,1.2696,1441.95,43.0015
2026-01-27,16766.0,3.9535,59.086,31.048,859.55,3635.54,5.1852,15.8626,43.4077,91.7238,3.4874,1.6244,152.21,1442.4822,26139.0,17.1271,6.9546,166.506,0.8305,1.2613,1438.15,42.8853
2026-01-28,16706.0,3.92,58.75,31.052,865.35,3673.62,5.1974,15.7732,43.4171,91.79,3.5168,1.6361,153.41,1443.8245,26076.0,17.1892,6.9484,167.708,0.8365,1.2629,1435.77,42.835
2026-01-29,16750.0,3.9293,58.95,31.16,859.13,3640.7,5.1897,15.7379,43.4099,91.9563,3.5127,1.6338,153.11,1443.976,26020.0,17.2228,6.9524,167.474,0.8354,1.2646,1434.45,42.7525
2026-01-30,16785.0,3.9453,58.88,31.475,873.7,3696.89,5.2634,16.1469,43.5004,91.99,3.5564,1.6503,154.78,1446.6652,25949.0,17.4606,6.9569,169.168,0.8438,1.2703,1441.05,42.8762
2026-02-02,16790.0,3.9453,58.9,31.568,865.03,3616.2,5.2567,16.0879,43.4575,91.5163,3.581,1.6588,155.63,1451.5712,26016.0,17.3984,6.9453,170.03,0.8481,1.2722,1451.85,43.1
2026-02-03,16760.0,3.9318,58.899,31.535,859.63,3647.39,5.2385,15.9556,43.4871,90.2725,3.5737,1.6549,155.75,1445.5488,26002.0,17.2268,6.9385,169.63,0.8461,1.2699,1447.45,43.2451
2026-02-04,16775.0,3.9323,58.972,31.64,861.43,3650.54,5.246,16.0739,43.5204,90.4337,3.5741,1.6565,156.86,1447.3625,25984.0,17.3338,6.9439,169.799,0.847,1.2726,1459.3,43.1239
2026-02-05,16830.0,3.9478,58.713,31.802,866.99,3710.33,5.2716,16.3092,43.5417,90.3538,3.5894,1.6607,157.04,1443.0402,25965.0,17.5073,6.9384,170.227,0.8491,1.2754,1463.6,43.1418
2026-02-06,16866.0,3.9475,58.586,31.647,856.08,3660.5,5.2191,16.0311,43.5993,90.6625,3.5702,1.6553,157.22,1431.925,25966.0,17.263,6.9358,169.678,0.8464,1.2713,1463.65,42.9
2026-02-09,16803.0,3.9348,58.47,31.23,852.15,3657.24,5.1924,15.8986,43.5902,90.765,3.5316,1.6416,155.88,1420.8669,25914.0,17.1958,6.9209,168.274,0.8393,1.2657,1458.3,43.0267
2026-02-10,16800.0,3.924,58.531,31.155,857.3,3669.66,5.1972,15.9511,43.625,90.58,3.5478,1.6442,154.39,1404.001,25889.0,17.1944,6.9127,168.542,0.8407,1.2647,1457.65,43.0972
2026-02-11,16783.0,3.9158,58.302,31.077,854.45,3664.74,5.1843,15.8695,43.6413,90.705,3.5504,1.6475,153.26,1404.4269,26000.0,17.1814,6.9121,168.876,0.8424,1.2621,1447.0,43.0398
2026-02-12,16818.0,3.9025,58.114,30.932,857.72,3664.27,5.2125,15.9611,43.646,90.6,3.5481,1.6476,152.74,1396.6538,25965.0,17.226,6.9017,168.887,0.8424,1.2626,1439.1,43.0852
2026-02-13,16839.0,3.9078,58.023,31.075,857.72,3664.27,5.2125,16.0398,43.7409,90.64,3.5533,1.649,153.51,1396.6538,25975.0,17.2216,6.9084,169.035,0.8431,1.2637,1445.3,43.11
2026-02-16,16839.0,3.9,57.99,31.092,863.62,3667.13,5.2229,15.9795,43.7102,90.6537,3.556,1.6503,153.47,1399.3147,25969.0,17.1683,6.9049,169.168,0.8438,1.2626,1444.1,43.1988
2026-02-17,16839.0,3.9,57.99,31.23,865.92,3650.77,5.2229,16.0204,43.7274,90.685,3.557,1.6497,153.31,1399.3147,25970.0,17.1283,6.9049,169.107,0.8435,1.2631,1444.1,43.2675
2026-02-18,16884.0,3.9,57.865,31.3,863.33,3682.97,5.2361,16.0644,43.761,90.6788,3.5773,1.6599,154.81,1396.6812,25969.0,17.2076,6.9049,170.146,0.8487,1.267,1444.1,43.2445
2026-02-19,16880.0,3.909,57.998,31.173,865.58,3697.12,5.215,16.1441,43.7708,90.6788,3.5855,1.6612,155.01,1390.9873,25965.0,17.2523,6.9049,170.283,0.8494,1.2683,1450.25,43.25
2026-02-20,16873.0,3.903,58.147,31.193,866.25,3708.79,5.1754,16.0388,43.8329,90.9863,3.5814,1.6597,155.05,1375.9794,25969.0,17.1331,6.9049,170.13,0.8486,1.2673,1446.7,43.2649
2026-02-23,16794.0,3.89,57.58,31.017,866.15,3685.54,5.1654,16.02,43.8352,90.8825,3.5806,1.6596,154.65,1369.25,26068.0,17.2689,6.9049,170.112,0.8485,1.2663,1443.11,43.2954
2026-02-24,16823.0,3.8948,57.757,31.013,860.95,3704.35,5.1531,15.9773,43.8586,90.9538,3.5813,1.6614,155.87,1379.6949,26188.0,17.1769,6.8823,170.298,0.8494,1.2671,1440.55,43.2137
2026-02-25,16785.0,3.8915,57.511,31.083,856.72,3687.38,5.1249,15.849,43.8612,90.9563,3.5704,1.6561,156.37,1397.2522,26108.0,17.1651,6.8612,169.754,0.8467,1.2637,1427.05,43.2516
2026-02-26,16755.0,3.889,57.626,31.037,865.77,3764.2,5.1379,15.936,43.8843,90.9162,3.5791,1.6579,156.13,1408.7417,26073.0,17.1951,6.8475,169.94,0.8477,1.264,1433.45,43.1512
2026-02-27,16771.0,3.8925,57.66,31.08,872.73,3751.64,5.1252,15.9364,43.9583,90.9775,3.575,1.6557,156.05,1397.8818,26058.0,17.2268,6.8624,169.721,0.8466,1.2651,1440.2,43.15
2026-03-02,16861.0,3.9282,58.175,31.417,872.73,3751.64,5.1252,16.0716,43.9583,91.43,3.6028,1.6661,156.89,1397.8818,26188.0,17.2805,6.881,170.789,0.8519,1.2709,1440.2,43.24
