tanggal,USDAUD_Curncy,USDTRY_Curncy,USDTHB_Curncy,IDR_Curncy,USDKRW_Curncy,JPYEUR_Curncy,JPYAUD_Curncy,USDEUR_Curncy,IHN_1M_Curncy,IHN_3M_Curncy,IHN_6M_Curncy,IHN_12M_Curncy
2022-11-23,1.4852,18.6155,35.998,15687.0,1352.21,0.68919,1.064,0.9618,15640.0,15695.0,15765.0,15873.0
2022-11-24,1.4783,18.6193,35.775,15665.0,1328.44,0.69289,1.0665,0.9606,15647.0,15676.0,15728.0,15839.0
2022-11-25,1.4813,18.5996,35.737,15673.0,1324.49,0.69113,1.0644,0.962,15706.0,15714.0,15772.0,15883.0
2022-11-28,1.5037,18.6288,35.751,15722.0,1340.75,0.6962,1.082,0.9672,15752.0,15772.0,15816.0,15931.0
2022-11-29,1.4953,18.6406,35.472,15743.0,1327.06,0.69794,1.0779,0.9681,15736.0,15768.0,15815.0,15932.0
2022-11-30,1.4732,18.6153,35.11,15732.0,1318.38,0.6959,1.0672,0.9609,15655.0,15676.0,15727.0,15843.0
2022-12-01,1.4681,18.6334,34.79,15563.0,1299.6,0.70197,1.0847,0.9506,15365.0,15438.0,15518.0,15504.0
2022-12-02,1.4727,18.6392,34.787,15426.0,1300.42,0.70643,1.0958,0.9492,15353.0,15376.0,15405.0,15529.0
2022-12-05,1.493,18.6359,35.037,15463.0,1292.6,0.69682,1.0914,0.9532,15530.0,15544.0,15581.0,15652.0
2022-12-06,1.4952,18.6334,35.123,15618.0,1319.57,0.6972,1.091,0.9554,15630.0,15653.0,15688.0,15781.0
2022-12-07,1.4871,18.6417,34.952,15637.0,1322.15,0.69677,1.0885,0.9518,15613.0,15638.0,15673.0,15754.0
2022-12-08,1.4772,18.6419,34.72,15621.0,1317.65,0.69311,1.0806,0.9473,15599.0,15616.0,15653.0,15727.0
2022-12-09,1.4717,18.6508,34.755,15583.0,1301.39,0.69516,1.0772,0.9487,15581.0,15626.0,15663.0,15671.0
2022-12-12,1.4825,18.6428,34.874,15628.0,1307.71,0.68935,1.0768,0.9491,15665.0,15684.0,15710.0,15811.0
2022-12-13,1.4588,18.6198,34.604,15657.0,1303.0,0.69364,1.0758,0.9405,15555.0,15598.0,15617.0,15704.0
2022-12-14,1.4569,18.6299,34.512,15593.0,1295.33,0.69105,1.0755,0.9361,15528.0,15572.0,15640.0,15668.0
2022-12-15,1.4919,18.6409,35.063,15619.0,1303.18,0.68301,1.0831,0.9409,15615.0,15647.0,15684.0,15766.0
2022-12-16,1.4959,18.6857,34.782,15598.0,1307.44,0.69093,1.094,0.9446,15620.0,15643.0,15678.0,15761.0
2022-12-19,1.4925,18.6516,34.831,15597.0,1302.53,0.68868,1.0901,0.9428,15560.0,15593.0,15629.0,15713.0
2022-12-20,1.4975,18.6623,34.663,15603.0,1290.72,0.71469,1.1369,0.9413,15594.0,15604.0,15639.0,15724.0
2022-12-21,1.491,18.6698,34.679,15588.0,1285.51,0.71197,1.1257,0.943,15559.0,15569.0,15629.0,15684.0
2022-12-22,1.4993,18.666,34.892,15583.0,1276.44,0.71289,1.1326,0.9438,15590.0,15611.0,15648.0,15727.0
2022-12-23,1.4879,18.6593,34.813,15593.0,1281.19,0.7093,1.122,0.9419,15595.0,15612.0,15649.0,15711.0
2022-12-26,1.4866,18.6832,34.712,15633.0,1274.8,0.70749,1.119,0.9401,15632.0,15651.0,15688.0,15764.0
2022-12-27,1.4854,18.7032,34.61,15663.0,1268.95,0.70406,1.1125,0.9399,15654.0,15672.0,15708.0,15759.0
2022-12-28,1.4842,18.7126,34.757,15703.0,1267.15,0.70072,1.1034,0.9423,15792.0,15792.0,15845.0,15946.0
2022-12-29,1.4753,18.7095,34.653,15658.0,1265.5,0.70501,1.1091,0.938,15635.0,15654.0,15690.0,15748.0
2022-12-30,1.4678,18.71,34.605,15568.0,1265.5,0.7123,1.1189,0.9341,15533.0,15512.0,15542.0,15653.0
2023-01-02,1.4701,18.7151,34.605,15573.0,1273.5,0.71732,1.1249,0.9375,15566.0,15591.0,15623.0,15685.0
2023-01-03,1.4865,18.7218,34.405,15598.0,1271.6,0.72362,1.1347,0.9481,15589.0,15635.0,15670.0,15711.0
2023-01-04,1.4622,18.746,34.045,15588.0,1272.0,0.71095,1.1025,0.9431,15560.0,15581.0,15613.0,15672.0
2023-01-05,1.4811,18.7644,33.95,15608.0,1269.5,0.71238,1.1101,0.9504,15621.0,15629.0,15662.0,15726.0
2023-01-06,1.4542,18.7165,34.045,15633.0,1268.75,0.71115,1.1009,0.9395,15579.0,15620.0,15637.0,15703.0
2023-01-09,1.4468,18.7532,33.49,15568.0,1243.85,0.70649,1.0968,0.9319,15585.0,15609.0,15627.0,15701.0
2023-01-10,1.4516,18.7751,33.52,15573.0,1243.8,0.70447,1.0972,0.9317,15516.0,15529.0,15556.0,15617.0
2023-01-11,1.4484,18.7758,33.347,15483.0,1246.05,0.70173,1.0929,0.9296,15421.0,15422.0,15440.0,15517.0
2023-01-12,1.435,18.7811,33.355,15338.0,1245.65,0.7126,1.1099,0.9214,15167.0,15200.0,15218.0,15249.0
2023-01-13,1.4352,18.7932,32.972,15150.0,1241.35,0.72199,1.1213,0.9233,15095.0,15100.0,15118.0,15174.0
2023-01-16,1.4378,18.7868,32.978,15045.0,1235.65,0.71882,1.1184,0.9241,15089.0,15070.0,15083.0,15138.0
2023-01-17,1.431,18.7496,33.105,15165.0,1238.9,0.72336,1.1169,0.9269,15164.0,15162.0,15184.0,15250.0
2023-01-18,1.4406,18.7617,33.008,15088.0,1235.85,0.71858,1.1175,0.9264,15123.0,15120.0,15126.0,15190.0
2023-01-19,1.4471,18.7562,33.037,15104.0,1232.45,0.71896,1.1269,0.9231,15145.0,15154.0,15182.0,15254.0
2023-01-20,1.4363,18.7724,32.813,15075.0,1235.55,0.71057,1.1077,0.9211,15034.0,15033.0,15059.0,15128.0
2023-01-23,1.4228,18.8106,32.74,15075.0,1235.55,0.70394,1.0889,0.9198,15016.0,15024.0,15034.0,15108.0
2023-01-24,1.4194,18.8007,32.749,14888.0,1234.0,0.70557,1.0907,0.9184,14942.0,14921.0,14946.0,15011.0
2023-01-25,1.4077,18.7963,32.731,14965.0,1231.52,0.70697,1.0866,0.9161,14933.0,14946.0,14966.0,15033.0
2023-01-26,1.4055,18.8015,32.76,14948.0,1231.0,0.70508,1.0793,0.9181,14950.0,14948.0,14968.0,15036.0
2023-01-27,1.4084,18.805,32.87,14985.0,1231.3,0.70843,1.0833,0.9202,14964.0,14971.0,14992.0,15059.0
2023-01-30,1.4164,18.7908,32.713,14970.0,1227.4,0.70649,1.0858,0.9216,14984.0,15003.0,15009.0,15073.0
2023-01-31,1.4174,18.8149,33.005,14990.0,1231.9,0.70762,1.0896,0.9205,15017.0,15022.0,15040.0,15096.0
2023-02-01,1.4012,18.8024,32.84,14975.0,1231.55,0.7057,1.0868,0.9099,14898.0,14896.0,14915.0,14964.0
2023-02-02,1.4131,18.8064,32.787,14880.0,1220.35,0.71213,1.0978,0.9166,14908.0,14889.0,14921.0,14987.0
2023-02-03,1.4446,18.827,33.434,14894.0,1229.34,0.70613,1.1011,0.9264,15096.0,15088.0,15105.0,15180.0
2023-02-06,1.4528,18.8176,33.675,15055.0,1253.15,0.70298,1.0953,0.9323,15202.0,15212.0,15230.0,15296.0
2023-02-07,1.4369,18.8179,33.607,15145.0,1255.6,0.71116,1.0964,0.9323,15174.0,15175.0,15188.0,15253.0
2023-02-08,1.444,18.8278,33.475,15100.0,1260.2,0.71011,1.0988,0.9335,15130.0,15135.0,15154.0,15201.0
2023-02-09,1.4417,18.8291,33.465,15095.0,1260.3,0.70799,1.0961,0.9311,15150.0,15151.0,15171.0,15227.0
2023-02-10,1.4457,18.8144,33.787,15134.0,1264.95,0.71257,1.0997,0.9365,15199.0,15205.0,15225.0,15278.0
2023-02-13,1.4356,18.8429,33.89,15195.0,1277.5,0.70418,1.0842,0.9326,15229.0,15243.0,15270.0,15329.0
2023-02-14,1.4314,18.841,33.805,15160.0,1269.45,0.69976,1.0752,0.9313,15184.0,15199.0,15220.0,15282.0
2023-02-15,1.4486,18.8525,34.313,15204.0,1282.3,0.69736,1.0796,0.9356,15221.0,15225.0,15256.0,15310.0
2023-02-16,1.4537,18.85,34.335,15157.0,1284.75,0.69956,1.0853,0.9369,15140.0,15155.0,15178.0,15229.0
2023-02-17,1.4536,18.831,34.595,15203.0,1299.65,0.69701,1.0838,0.9351,15181.0,15198.0,15221.0,15264.0
2023-02-20,1.4476,18.8841,34.423,15158.0,1294.55,0.69704,1.078,0.9358,15160.0,15178.0,15197.0,15254.0
2023-02-21,1.4591,18.8702,34.573,15190.0,1296.0,0.69555,1.0802,0.9391,15233.0,15246.0,15269.0,15325.0
2023-02-22,1.4698,18.8509,34.592,15202.0,1304.95,0.69875,1.089,0.943,15205.0,15216.0,15236.0,15294.0
2023-02-23,1.4688,18.8535,34.673,15190.0,1297.0,0.70087,1.0909,0.9438,15218.0,15233.0,15252.0,15308.0
2023-02-24,1.4733,18.8872,34.878,15225.0,1304.7,0.69992,1.0921,0.9442,15259.0,15266.0,15283.0,15340.0
2023-02-24,1.4869,18.8744,34.805,15225.0,1304.7,0.69482,1.0893,0.9481,15276.0,15289.0,15310.0,15367.0
2023-02-27,1.4839,18.8836,35.105,15270.0,1323.1,0.69189,1.0893,0.9426,15238.0,15233.0,15257.0,15311.0
2023-02-28,1.4905,18.8895,35.335,15250.0,1323.06,0.68999,1.0902,0.9432,15279.0,15289.0,15309.0,15374.0
2023-02-28,1.4861,18.8837,35.35,15250.0,1323.06,0.69403,1.091,0.9456,15256.0,15266.0,15288.0,15347.0
2023-03-01,1.4791,18.884,34.78,15235.0,1323.06,0.68815,1.0863,0.9374,15250.0,15274.0,15295.0,15354.0
2023-03-02,1.4859,18.8603,34.778,15280.0,1315.35,0.68991,1.0864,0.9436,15324.0,15350.0,15366.0,15425.0
2023-03-03,1.4772,18.7993,34.7,15300.0,1301.3,0.69221,1.0875,0.9403,15294.0,15307.0,15320.0,15384.0
2023-03-06,1.4859,18.8999,34.7,15295.0,1296.8,0.68868,1.0932,0.9363,15354.0,15353.0,15396.0,15423.0
2023-03-07,1.5188,18.9224,34.56,15350.0,1299.85,0.69118,1.1075,0.9479,15439.0,15449.0,15470.0,15535.0
2023-03-08,1.5177,18.9369,35.083,15435.0,1321.35,0.69047,1.1047,0.9483,15451.0,15473.0,15502.0,15560.0
2023-03-09,1.5174,18.8101,35.048,15425.0,1322.2,0.69406,1.1146,0.9451,15496.0,15499.0,15543.0,15589.0
2023-03-10,1.5199,18.9681,35.065,15450.0,1324.5,0.69625,1.1254,0.9396,15491.0,15507.0,15533.0,15605.0
2023-03-13,1.4998,18.9658,34.508,15365.0,1296.94,0.69933,1.1255,0.9318,15415.0,15432.0,15461.0,15523.0
2023-03-14,1.4965,18.9736,34.515,15385.0,1310.55,0.69417,1.1147,0.9317,15393.0,15413.0,15458.0,15517.0
2023-03-15,1.5107,18.9907,34.618,15365.0,1303.8,0.70852,1.1321,0.9454,15492.0,15517.0,15563.0,15668.0
2023-03-16,1.5024,19.0034,34.41,15380.0,1312.9,0.70455,1.1234,0.9425,15439.0,15458.0,15503.0,15620.0
2023-03-17,1.4932,19.0138,34.228,15345.0,1302.8,0.71122,1.1321,0.9372,15395.0,15414.0,15458.0,15562.0
2023-03-20,1.4885,19.0115,34.112,15360.0,1310.5,0.71011,1.1334,0.9327,15361.0,15384.0,15448.0,15567.0
2023-03-21,1.4995,19.0331,34.323,15345.0,1311.15,0.70085,1.1318,0.9287,15290.0,15317.0,15384.0,15498.0
2023-03-22,1.4959,19.0407,34.43,15345.0,1307.7,0.70078,1.1377,0.9212,15237.0,15224.0,15262.0,15380.0
2023-03-23,1.4962,19.0351,34.073,15345.0,1278.15,0.70559,1.143,0.9233,15091.0,15142.0,15182.0,15274.0
2023-03-24,1.5049,19.0714,34.145,15155.0,1294.0,0.71096,1.1514,0.9294,15180.0,15187.0,15222.0,15335.0
2023-03-27,1.5036,19.0888,34.445,15160.0,1301.4,0.70379,1.143,0.9261,15111.0,15133.0,15168.0,15278.0
2023-03-28,1.4906,19.1193,34.287,15087.0,1298.95,0.70439,1.1388,0.9221,15067.0,15075.0,15114.0,15222.0
2023-03-29,1.496,19.1382,34.199,15065.0,1305.83,0.69404,1.126,0.9222,15040.0,15050.0,15087.0,15210.0
2023-03-30,1.4898,19.175,34.245,15047.0,1299.05,0.69089,1.1228,0.917,15025.0,15030.0,15066.0,15183.0
2023-03-31,1.4958,19.1803,34.198,14995.0,1301.85,0.69466,1.1264,0.9226,14964.0,14979.0,15008.0,15121.0
2023-04-03,1.4737,19.1963,34.393,14970.0,1316.5,0.69261,1.1129,0.9175,14924.0,14939.0,14968.0,15068.0
2023-04-04,1.4812,19.22,34.213,14900.0,1315.8,0.69297,1.1244,0.913,14949.0,14953.0,14989.0,15077.0
2023-04-05,1.4881,19.2519,33.873,14925.0,1310.75,0.69857,1.1336,0.917,14957.0,14984.0,15012.0,15120.0
2023-04-06,1.4988,19.2542,33.873,14913.0,1319.15,0.69499,1.1377,0.9156,14941.0,14951.0,14982.0,15082.0
2023-04-07,1.4988,19.253,34.073,14913.0,1316.9,0.6939,1.1342,0.917,14949.0,14962.0,14994.0,15106.0
2023-04-10,1.5058,19.2665,34.335,14902.0,1319.65,0.68911,1.127,0.9209,14954.0,14963.0,15005.0,15107.0
2023-04-11,1.5029,19.2999,34.23,14883.0,1322.05,0.68529,1.1241,0.9164,14930.0,14946.0,14976.0,15079.0
2023-04-12,1.4946,19.3152,34.25,14880.0,1325.65,0.68329,1.1222,0.9098,14849.0,14863.0,14896.0,14995.0
2023-04-13,1.4746,19.3338,34.25,14751.0,1310.55,0.6828,1.112,0.9053,14731.0,14753.0,14755.0,14855.0
2023-04-14,1.491,19.364,34.25,14700.0,1299.05,0.67987,1.114,0.9097,14800.0,14805.0,14832.0,14930.0
2023-04-17,1.4923,19.3946,34.36,14790.0,1311.3,0.68041,1.1097,0.9153,14874.0,14881.0,14907.0,15004.0
2023-04-18,1.487,19.3994,34.287,14845.0,1318.65,0.67945,1.1083,0.9114,14901.0,14909.0,14938.0,15041.0
2023-04-19,1.4896,19.3988,34.478,14845.0,1325.75,0.67751,1.1055,0.9128,15002.0,15019.0,15048.0,15153.0
2023-04-20,1.483,19.4048,34.385,14845.0,1322.9,0.67898,1.1048,0.9115,14954.0,14971.0,15004.0,15102.0
2023-04-21,1.4944,19.3997,34.388,14845.0,1327.85,0.67844,1.1142,0.9103,14937.0,14944.0,14986.0,15081.0
2023-04-24,1.4934,19.3962,34.395,14845.0,1335.05,0.67431,1.1125,0.9053,14957.0,14962.0,14989.0,15079.0
2023-04-25,1.5092,19.4287,34.382,14845.0,1332.4,0.68146,1.1287,0.9114,14943.0,14954.0,14980.0,15078.0
2023-04-26,1.5145,19.4252,34.205,14833.0,1336.45,0.67764,1.1329,0.9057,14849.0,14865.0,14906.0,14993.0
2023-04-27,1.5082,19.4373,34.14,14703.0,1337.95,0.67679,1.1254,0.9068,14698.0,14710.0,14734.0,14832.0
2023-04-28,1.5117,19.4515,34.143,14670.0,1338.5,0.66616,1.1087,0.9075,14671.0,14690.0,14721.0,14817.0
2023-05-01,1.5082,19.4621,34.143,14670.0,1338.5,0.66254,1.0969,0.9111,14677.0,14698.0,14727.0,14821.0
2023-05-02,1.5008,19.466,34.205,14705.0,1341.85,0.66553,1.0989,0.9091,14753.0,14778.0,14793.0,14890.0
2023-05-03,1.4991,19.4691,34.03,14685.0,1338.1,0.67072,1.1121,0.904,14688.0,14712.0,14737.0,14832.0
2023-05-04,1.4941,19.4728,34.03,14680.0,1322.6,0.67623,1.1126,0.9081,14719.0,14732.0,14760.0,14864.0
2023-05-05,1.4817,19.5125,34.03,14675.0,1322.6,0.67307,1.0983,0.9075,14684.0,14715.0,14736.0,14853.0
2023-05-08,1.4744,19.5065,33.8,14700.0,1321.15,0.67251,1.0913,0.9087,14749.0,14769.0,14807.0,14914.0
2023-05-09,1.4789,19.521,33.722,14730.0,1323.95,0.6746,1.0935,0.9122,14774.0,14795.0,14834.0,14943.0
2023-05-10,1.475,19.5454,33.665,14725.0,1324.9,0.67758,1.0978,0.9106,14703.0,14743.0,14778.0,14881.0
2023-05-11,1.492,19.5816,33.725,14724.0,1326.25,0.6808,1.1087,0.9161,14789.0,14804.0,14841.0,14950.0
2023-05-12,1.5055,19.5842,33.994,14844.0,1342.45,0.67898,1.1091,0.9218,14854.0,14888.0,14927.0,15042.0
2023-05-15,1.4925,19.6731,33.783,14800.0,1336.8,0.67565,1.0965,0.9196,14804.0,14831.0,14871.0,14981.0
2023-05-16,1.5025,19.7264,33.96,14820.0,1338.85,0.67497,1.1016,0.9206,14886.0,14922.0,14955.0,15062.0
2023-05-17,1.5016,19.7462,34.257,14865.0,1337.6,0.67,1.0905,0.9225,14866.0,14901.0,14942.0,15043.0
2023-05-18,1.5102,19.7951,34.335,14865.0,1334.05,0.66939,1.0887,0.9285,14924.0,14949.0,14988.0,15095.0
2023-05-19,1.5036,19.8125,34.38,14925.0,1326.6,0.67102,1.0905,0.9255,14942.0,14975.0,15011.0,15114.0
2023-05-22,1.5032,19.8122,34.45,14890.0,1318.25,0.6673,1.0847,0.9248,14896.0,14911.0,14961.0,15055.0
2023-05-23,1.5129,19.839,34.68,14880.0,1312.5,0.66998,1.0917,0.9285,14898.0,14928.0,14963.0,15057.0
2023-05-24,1.5282,19.8968,34.537,14905.0,1317.5,0.66699,1.0956,0.9302,14948.0,14977.0,15014.0,15106.0
2023-05-25,1.5372,19.9364,34.605,14950.0,1326.2,0.66571,1.0976,0.9324,14977.0,14998.0,15036.0,15136.0
2023-05-26,1.5345,19.9722,34.677,14955.0,1324.6,0.66306,1.091,0.9326,15008.0,15028.0,15060.0,15144.0
2023-05-29,1.5293,20.1117,34.77,14970.0,1324.6,0.66483,1.0887,0.9339,14973.0,14994.0,15024.0,15111.0
2023-05-30,1.5344,20.461,34.787,14985.0,1325.0,0.66639,1.0976,0.9316,14985.0,15008.0,15033.0,15114.0
2023-05-31,1.5378,20.762,34.8,14993.0,1326.35,0.67138,1.1035,0.9355,14995.0,15012.0,15044.0,15137.0
2023-06-01,1.5219,20.8087,34.8,14993.0,1321.6,0.66945,1.0961,0.9292,14918.0,14935.0,14967.0,15055.0
2023-06-02,1.5128,20.9295,34.54,14993.0,1305.35,0.66716,1.0814,0.9339,14886.0,14922.0,14953.0,15036.0
2023-06-05,1.5112,21.261,34.54,14890.0,1308.25,0.66878,1.0828,0.9334,14852.0,14884.0,14915.0,14995.0
2023-06-06,1.5011,21.5103,34.775,14860.0,1308.25,0.67088,1.0778,0.9343,14877.0,14892.0,14922.0,15000.0
2023-06-06,1.499,21.6175,34.792,14860.0,1308.25,0.66978,1.0733,0.9352,14873.0,14890.0,14923.0,15001.0
2023-06-07,1.4971,23.1298,34.79,14878.0,1303.85,0.67101,1.0734,0.9359,14874.0,14893.0,14923.0,15000.0
2023-06-07,1.5033,23.2484,34.73,14878.0,1303.85,0.66681,1.0725,0.9347,14886.0,14908.0,14936.0,15016.0
2023-06-08,1.489,23.1245,34.815,14895.0,1303.95,0.66757,1.0719,0.9275,14847.0,14866.0,14894.0,14972.0
2023-06-09,1.4833,23.4175,34.618,14840.0,1291.65,0.66762,1.0642,0.9303,14886.0,14895.0,14924.0,14992.0
2023-06-12,1.4814,23.635,34.6,14865.0,1288.2,0.66581,1.061,0.9296,14876.0,14891.0,14922.0,14988.0
2023-06-13,1.4778,23.6405,34.545,14860.0,1271.5,0.66074,1.0539,0.9265,14869.0,14889.0,14912.0,14985.0
2023-06-14,1.4715,23.5674,34.67,14900.0,1278.5,0.65893,1.0502,0.9233,14906.0,14925.0,14951.0,15023.0
2023-06-15,1.4525,23.6699,34.807,14945.0,1280.45,0.65128,1.0357,0.9137,14928.0,14941.0,14965.0,15034.0
2023-06-16,1.4534,23.6764,34.647,14935.0,1272.35,0.6468,1.0294,0.9132,14955.0,14965.0,14989.0,15052.0
2023-06-16,1.4545,23.6322,34.655,14940.0,1272.78,0.6443,1.025,0.9143,14962.0,14979.0,14997.0,15069.0
2023-06-19,1.4597,23.6075,34.795,14995.0,1281.9,0.64483,1.028,0.9156,15015.0,15033.0,15056.0,15112.0
2023-06-20,1.4738,23.5751,34.74,15000.0,1280.35,0.64759,1.0417,0.9159,15034.0,15045.0,15059.0,15115.0
2023-06-21,1.4712,23.5754,34.85,14945.0,1291.9,0.64154,1.037,0.9102,14950.0,14964.0,14987.0,15045.0
2023-06-22,1.4802,24.9075,35.042,14940.0,1294.85,0.63784,1.0344,0.9128,14954.0,14972.0,14976.0,15042.0
2023-06-23,1.4971,25.2361,35.22,14994.0,1304.25,0.63868,1.0417,0.9179,15053.0,15065.0,15084.0,15135.0
2023-06-26,1.4981,25.9386,35.198,15015.0,1306.0,0.63895,1.0439,0.9169,15059.0,15067.0,15090.0,15142.0
2023-06-27,1.4956,26.0177,35.275,14993.0,1300.4,0.63321,1.0381,0.9124,14980.0,15003.0,15028.0,15081.0
2023-06-28,1.5151,26.05,35.613,14993.0,1307.5,0.63419,1.0486,0.9163,15008.0,15010.0,15035.0,15087.0
2023-06-29,1.5114,26.041,35.623,14993.0,1317.5,0.63576,1.0438,0.9204,15072.0,15082.0,15103.0,15158.0
2023-06-30,1.5006,26.0145,35.455,14993.0,1317.75,0.63508,1.0398,0.9167,15045.0,15063.0,15086.0,15138.0
2023-07-03,1.4987,25.9493,35.036,15030.0,1308.15,0.6334,1.0359,0.9165,15059.0,15071.0,15096.0,15144.0
2023-07-04,1.4943,25.9997,34.882,14993.0,1301.3,0.63616,1.0342,0.9192,15018.0,15048.0,15061.0,15107.0
2023-07-05,1.5027,26.0867,34.885,15015.0,1298.55,0.63687,1.0388,0.9213,15095.0,15105.0,15126.0,15172.0
2023-07-06,1.5093,26.0978,35.05,15045.0,1300.8,0.63727,1.0477,0.9184,15193.0,15191.0,15204.0,15262.0
2023-07-07,1.4948,26.0656,35.198,15135.0,1305.2,0.6413,1.0513,0.9118,15179.0,15203.0,15221.0,15268.0
2023-07-10,1.498,26.0793,35.15,15195.0,1306.35,0.64318,1.06,0.909,15217.0,15249.0,15276.0,15322.0
2023-07-11,1.4956,26.1133,34.815,15140.0,1293.7,0.64713,1.0655,0.9084,15160.0,15186.0,15212.0,15257.0
2023-07-12,1.4733,26.1405,34.915,15078.0,1288.8,0.64854,1.0635,0.8985,14958.0,14982.0,15015.0,15044.0
2023-07-13,1.4516,26.0533,34.565,14968.0,1274.7,0.64521,1.0514,0.8908,14961.0,14986.0,15009.0,15053.0
2023-07-14,1.4624,26.1701,34.625,14958.0,1266.1,0.64167,1.0535,0.8907,14987.0,15019.0,15044.0,15092.0
2023-07-17,1.4671,26.3405,34.62,15005.0,1266.7,0.64148,1.0577,0.89,14987.0,15022.0,15045.0,15088.0
2023-07-18,1.4681,26.9277,34.217,14995.0,1260.5,0.64144,1.0574,0.8906,14997.0,15011.0,15034.0,15080.0
2023-07-19,1.4767,26.8056,34.042,14995.0,1265.75,0.6391,1.0574,0.8928,15005.0,15029.0,15051.0,15093.0
2023-07-20,1.4751,26.7648,33.995,14988.0,1269.65,0.64147,1.0532,0.8985,15049.0,15087.0,15093.0,15146.0
2023-07-21,1.486,26.9806,34.45,15025.0,1283.4,0.63385,1.0477,0.8989,15038.0,15069.0,15095.0,15139.0
2023-07-24,1.4838,26.9614,34.46,15023.0,1279.85,0.63881,1.0487,0.9038,15030.0,15052.0,15074.0,15117.0
2023-07-25,1.4723,26.922,34.507,14993.0,1275.35,0.64187,1.0448,0.9045,15023.0,15054.0,15077.0,15120.0
2023-07-26,1.4798,26.9416,34.257,15018.0,1274.45,0.64319,1.055,0.9021,15022.0,15043.0,15065.0,15111.0
2023-07-27,1.4905,26.9528,34.083,15000.0,1277.65,0.65304,1.0687,0.9109,15062.0,15102.0,15134.0,15180.0
2023-07-28,1.5037,26.9181,34.083,15095.0,1277.05,0.64297,1.0655,0.9078,15128.0,15142.0,15166.0,15224.0
2023-07-31,1.4887,26.9327,34.217,15080.0,1274.55,0.63917,1.0465,0.9093,15107.0,15133.0,15158.0,15205.0
2023-08-01,1.5121,26.9653,34.217,15115.0,1283.85,0.63516,1.055,0.9104,15137.0,15164.0,15186.0,15237.0
2023-08-02,1.5295,26.9608,34.265,15175.0,1298.35,0.63783,1.067,0.9143,15227.0,15260.0,15293.0,15337.0
2023-08-03,1.5266,26.9785,34.643,15185.0,1299.1,0.64077,1.0711,0.9133,15177.0,15199.0,15229.0,15279.0
2023-08-04,1.522,26.9641,34.787,15170.0,1309.7,0.6407,1.0739,0.9086,15174.0,15179.0,15219.0,15267.0
2023-08-07,1.5213,26.9897,34.842,15185.0,1306.05,0.63789,1.0676,0.9089,15226.0,15251.0,15283.0,15333.0
2023-08-08,1.5281,27.0052,34.945,15218.0,1316.0,0.63653,1.0658,0.9127,15228.0,15251.0,15274.0,15339.0
2023-08-09,1.5318,27.0117,34.935,15191.0,1315.9,0.63394,1.0656,0.9112,15218.0,15256.0,15275.0,15330.0
2023-08-10,1.5349,27.0329,35.107,15185.0,1315.85,0.62907,1.0603,0.9107,15260.0,15283.0,15306.0,15357.0
2023-08-11,1.5394,27.0214,35.085,15215.0,1324.65,0.63019,1.0622,0.9134,15289.0,15356.0,15376.0,15443.0
2023-08-14,1.5414,27.0443,35.254,15315.0,1337.87,0.62987,1.0591,0.9169,15348.0,15375.0,15402.0,15458.0
2023-08-15,1.5492,27.0633,35.38,15340.0,1338.14,0.62988,1.0642,0.9171,15340.0,15374.0,15403.0,15452.0
2023-08-16,1.5567,27.0686,35.496,15326.0,1342.96,0.62804,1.0636,0.9192,15360.0,15395.0,15413.0,15465.0
2023-08-17,1.5616,27.1056,35.485,15283.0,1339.06,0.63065,1.0708,0.9197,15360.0,15384.0,15411.0,15461.0
2023-08-18,1.5609,27.1215,35.373,15285.0,1338.2,0.63259,1.0742,0.9197,15337.0,15361.0,15389.0,15444.0
2023-08-21,1.559,27.1608,35.175,15325.0,1342.75,0.62764,1.0662,0.9178,15364.0,15378.0,15423.0,15478.0
2023-08-22,1.5569,27.1958,34.95,15315.0,1335.5,0.63203,1.0673,0.922,15340.0,15372.0,15401.0,15457.0
2023-08-23,1.5431,27.1998,35.063,15295.0,1339.8,0.63552,1.0652,0.9205,15280.0,15294.0,15350.0,15375.0
2023-08-24,1.5583,25.8223,34.98,15245.0,1322.35,0.63425,1.0686,0.925,15286.0,15313.0,15340.0,15398.0
2023-08-25,1.5616,26.5438,35.1,15295.0,1325.0,0.63266,1.0665,0.9263,15316.0,15321.0,15363.0,15420.0
2023-08-28,1.5554,26.5079,35.265,15290.0,1323.3,0.6307,1.0615,0.9243,15273.0,15291.0,15318.0,15377.0
2023-08-29,1.5431,26.5952,35.018,15260.0,1321.88,0.63008,1.0578,0.9191,15212.0,15251.0,15262.0,15321.0
2023-08-30,1.5444,26.7142,35.097,15240.0,1323.5,0.62594,1.056,0.9155,15230.0,15253.0,15278.0,15338.0
2023-08-31,1.5422,26.6968,35.0,15230.0,1322.65,0.63367,1.0596,0.9222,15236.0,15257.0,15283.0,15341.0
2023-09-01,1.549,26.7286,34.998,15240.0,1318.75,0.63463,1.0598,0.9277,15263.0,15285.0,15307.0,15372.0
2023-09-04,1.5477,26.7595,35.222,15240.0,1319.55,0.63231,1.0564,0.9263,15237.0,15253.0,15279.0,15339.0
2023-09-05,1.5677,26.7861,35.463,15265.0,1330.65,0.6313,1.0612,0.9326,15325.0,15331.0,15359.0,15416.0
2023-09-06,1.5669,26.8178,35.513,15293.0,1330.65,0.63135,1.0612,0.9322,15349.0,15365.0,15393.0,15457.0
2023-09-07,1.5684,26.8351,35.607,15325.0,1335.35,0.63471,1.0648,0.9349,15359.0,15376.0,15404.0,15460.0
2023-09-08,1.5683,26.8474,35.52,15325.0,1332.95,0.63228,1.0608,0.9346,15379.0,15396.0,15427.0,15487.0
2023-09-11,1.555,26.8692,35.503,15325.0,1331.35,0.63458,1.0609,0.9302,15349.0,15369.0,15397.0,15453.0
2023-09-12,1.5561,26.9115,35.64,15340.0,1327.65,0.63221,1.0581,0.9299,15364.0,15382.0,15410.0,15467.0
2023-09-13,1.5572,26.9413,35.722,15358.0,1328.42,0.63196,1.056,0.932,15362.0,15381.0,15406.0,15463.0
2023-09-14,1.5528,26.9473,35.79,15355.0,1325.9,0.63705,1.0528,0.9396,15398.0,15420.0,15446.0,15501.0
2023-09-15,1.5548,27.0014,35.815,15353.0,1326.0,0.63446,1.0515,0.9383,15378.0,15398.0,15423.0,15482.0
2023-09-18,1.5535,27.0243,35.728,15370.0,1324.35,0.63362,1.0525,0.9353,15381.0,15402.0,15426.0,15482.0
2023-09-19,1.5495,27.0169,35.95,15380.0,1328.5,0.63324,1.048,0.9364,15393.0,15412.0,15435.0,15494.0
2023-09-20,1.5509,27.0283,36.06,15384.0,1330.15,0.63231,1.0455,0.938,15371.0,15391.0,15414.0,15470.0
2023-09-21,1.5586,27.1174,36.15,15375.0,1339.75,0.63563,1.0562,0.938,15401.0,15422.0,15442.0,15496.0
2023-09-22,1.5525,27.1657,36.01,15375.0,1336.75,0.63276,1.0462,0.9387,15364.0,15383.0,15405.0,15448.0
2023-09-25,1.5567,27.1996,36.132,15400.0,1336.55,0.63407,1.0457,0.944,15409.0,15425.0,15445.0,15491.0
2023-09-26,1.5633,27.2601,36.362,15490.0,1348.7,0.63453,1.0486,0.9459,15498.0,15513.0,15530.0,15574.0
2023-09-27,1.5741,27.202,36.676,15540.0,1355.51,0.63624,1.0519,0.9521,15547.0,15563.0,15579.0,15624.0
2023-09-28,1.5558,27.4012,36.564,15520.0,1351.67,0.63389,1.0423,0.9464,15503.0,15513.0,15529.0,15568.0
2023-09-29,1.554,27.4223,36.412,15455.0,1349.4,0.63328,1.0407,0.9458,15491.0,15509.0,15523.0,15571.0
2023-10-02,1.5715,27.4717,36.938,15530.0,1349.4,0.63683,1.0487,0.9544,15557.0,15559.0,15580.0,15627.0
2023-10-03,1.5868,27.5147,37.037,15580.0,1349.4,0.64099,1.0647,0.9554,15626.0,15632.0,15654.0,15712.0
2023-10-04,1.581,27.5685,37.065,15632.0,1363.45,0.6384,1.0602,0.952,15609.0,15629.0,15652.0,15701.0
2023-10-05,1.5698,27.5522,36.92,15615.0,1350.55,0.63822,1.057,0.9479,15637.0,15655.0,15674.0,15729.0
2023-10-06,1.566,27.6124,36.92,15637.0,1344.4,0.63263,1.049,0.9446,15659.0,15669.0,15689.0,15742.0
2023-10-09,1.5599,27.7007,37.105,15690.0,1350.0,0.63723,1.0503,0.9463,15699.0,15717.0,15738.0,15791.0
2023-10-10,1.5547,27.7181,36.62,15726.0,1342.64,0.63406,1.0454,0.9429,15730.0,15746.0,15771.0,15825.0
2023-10-11,1.5591,27.7087,36.417,15693.0,1338.8,0.6313,1.0451,0.9416,15708.0,15724.0,15746.0,15800.0
2023-10-12,1.5838,27.7438,36.178,15690.0,1338.5,0.63403,1.0572,0.9498,15738.0,15751.0,15777.0,15830.0
2023-10-13,1.5883,27.7993,36.257,15682.0,1349.99,0.63616,1.0616,0.9515,15707.0,15729.0,15742.0,15798.0
2023-10-16,1.5767,27.8635,36.248,15720.0,1348.24,0.63337,1.0545,0.947,15682.0,15699.0,15720.0,15771.0
2023-10-17,1.571,27.9507,36.332,15718.0,1353.57,0.63111,1.0486,0.9454,15738.0,15751.0,15773.0,15828.0
2023-10-18,1.5782,28.0039,36.374,15735.0,1355.35,0.63302,1.0527,0.9491,15814.0,15816.0,15839.0,15901.0
2023-10-19,1.5802,27.9695,36.389,15815.0,1356.97,0.63085,1.0549,0.945,15858.0,15883.0,15903.0,15959.0
2023-10-20,1.5837,27.9858,36.513,15875.0,1352.5,0.62988,1.057,0.9439,15889.0,15912.0,15941.0,16016.0
2023-10-23,1.5785,28.0839,36.308,15914.0,1343.64,0.62608,1.0542,0.9372,15882.0,15935.0,15963.0,16036.0
2023-10-24,1.5735,28.1043,36.167,15850.0,1343.1,0.62987,1.0496,0.9443,15870.0,15889.0,15919.0,15996.0
2023-10-25,1.5851,28.133,36.19,15870.0,1349.45,0.62994,1.0552,0.9464,15889.0,15931.0,15933.0,16005.0
2023-10-26,1.5818,28.1655,36.268,15920.0,1359.69,0.62951,1.0518,0.9467,15926.0,15945.0,15973.0,16050.0
2023-10-27,1.5785,28.1948,36.217,15940.0,1355.9,0.63245,1.0549,0.9465,15921.0,15940.0,15971.0,16042.0
2023-10-30,1.5687,28.2626,35.925,15872.0,1346.51,0.63194,1.0523,0.942,15868.0,15889.0,15915.0,15985.0
2023-10-31,1.578,28.3021,35.94,15885.0,1350.65,0.62339,1.0402,0.9456,15917.0,15925.0,15947.0,16023.0
2023-11-01,1.5641,28.3209,36.174,15935.0,1348.82,0.62668,1.0361,0.946,15914.0,15932.0,15959.0,16031.0
2023-11-02,1.5542,28.3519,35.925,15857.0,1343.0,0.62562,1.0329,0.9415,15856.0,15870.0,15891.0,15959.0
2023-11-03,1.5354,28.4056,35.71,15728.0,1322.3,0.62383,1.0279,0.9319,15622.0,15632.0,15665.0,15724.0
2023-11-06,1.5411,28.4364,35.517,15556.0,1299.54,0.6217,1.0269,0.9331,15566.0,15578.0,15590.0,15647.0
2023-11-07,1.5536,28.4905,35.559,15636.0,1308.02,0.62152,1.0333,0.9346,15650.0,15658.0,15674.0,15735.0
2023-11-08,1.562,28.4701,35.592,15650.0,1310.55,0.61848,1.0346,0.9338,15637.0,15643.0,15658.0,15716.0
2023-11-09,1.5707,28.4722,35.58,15655.0,1309.75,0.61932,1.0378,0.9374,15690.0,15708.0,15719.0,15798.0
2023-11-10,1.5721,28.5609,35.888,15695.0,1316.9,0.61753,1.0376,0.9358,15699.0,15711.0,15730.0,15789.0
2023-11-13,1.5682,28.599,35.967,15688.0,1319.38,0.61611,1.0336,0.9347,15688.0,15697.0,15715.0,15774.0
2023-11-14,1.5367,28.6194,35.516,15578.0,1305.22,0.6113,1.022,0.9192,15463.0,15535.0,15507.0,15563.0
2023-11-15,1.5364,28.6774,35.571,15535.0,1305.09,0.60899,1.0149,0.9219,15539.0,15542.0,15558.0,15620.0
2023-11-16,1.5456,28.6616,35.467,15545.0,1296.9,0.61135,1.0251,0.9215,15491.0,15500.0,15520.0,15575.0
2023-11-17,1.5349,28.7044,35.095,15493.0,1296.75,0.61225,1.0259,0.9162,15420.0,15428.0,15441.0,15499.0
2023-11-20,1.5251,28.7703,35.216,15387.0,1288.38,0.616,1.0278,0.9141,15382.0,15385.0,15409.0,15462.0
2023-11-21,1.5254,28.7891,35.222,15440.0,1289.2,0.61759,1.0279,0.9165,15496.0,15502.0,15508.0,15567.0
2023-11-22,1.5285,28.8441,35.251,15599.0,1300.78,0.61408,1.0221,0.9184,15628.0,15623.0,15632.0,15694.0
2023-11-23,1.525,28.8249,35.27,15555.0,1297.5,0.61307,1.0195,0.917,15520.0,15518.0,15528.0,15593.0
2023-11-24,1.5186,28.8715,35.485,15565.0,1306.3,0.61165,1.0161,0.9141,15535.0,15555.0,15561.0,15603.0
2023-11-27,1.5136,28.9153,35.062,15495.0,1298.52,0.61402,1.0181,0.913,15486.0,15494.0,15504.0,15548.0
2023-11-28,1.504,28.9258,34.94,15435.0,1293.8,0.6168,1.0198,0.9097,15429.0,15435.0,15446.0,15492.0
2023-11-29,1.5112,28.9349,34.813,15395.0,1289.3,0.61912,1.0264,0.9116,15445.0,15451.0,15467.0,15514.0
2023-11-30,1.5139,28.866,35.188,15510.0,1290.1,0.61968,1.0216,0.9184,15555.0,15561.0,15579.0,15633.0
2023-12-01,1.4982,28.9191,35.028,15485.0,1305.75,0.62577,1.0204,0.9188,15409.0,15428.0,15444.0,15515.0
2023-12-04,1.5106,28.9416,34.943,15455.0,1304.05,0.62687,1.0261,0.9228,15497.0,15492.0,15507.0,15572.0
2023-12-05,1.5263,28.9324,34.943,15505.0,1311.2,0.62936,1.0371,0.9262,15476.0,15474.0,15496.0,15561.0
2023-12-06,1.527,28.9024,35.153,15493.0,1313.1,0.63063,1.0366,0.929,15530.0,15531.0,15548.0,15613.0
2023-12-07,1.5147,28.9207,35.18,15515.0,1325.4,0.64278,1.0509,0.9264,15509.0,15514.0,15530.0,15594.0
2023-12-08,1.5201,28.9689,35.528,15543.0,1317.89,0.64094,1.0486,0.9292,15564.0,15566.0,15576.0,15656.0
2023-12-11,1.5226,28.9842,35.731,15630.0,1316.8,0.63559,1.0418,0.9289,15645.0,15651.0,15665.0,15731.0
2023-12-12,1.5244,29.0289,35.699,15596.0,1312.67,0.63688,1.0479,0.9264,15576.0,15586.0,15609.0,15666.0
2023-12-13,1.5012,28.9865,35.302,15507.0,1294.85,0.64356,1.0507,0.9196,15449.0,15519.0,15528.0,15625.0
2023-12-14,1.4929,29.0065,34.876,15487.0,1289.92,0.64109,1.0521,0.9097,15482.0,15486.0,15508.0,15582.0
2023-12-15,1.492,28.9962,34.873,15511.0,1301.78,0.64574,1.0498,0.9179,15522.0,15523.0,15539.0,15621.0
2023-12-18,1.4911,29.0547,35.0,15510.0,1297.25,0.64108,1.0441,0.9155,15485.0,15490.0,15510.0,15586.0
2023-12-19,1.4787,29.0935,34.995,15505.0,1307.85,0.63313,1.0281,0.9107,15479.0,15480.0,15513.0,15568.0
2023-12-20,1.4858,29.1361,34.9,15510.0,1298.95,0.63656,1.035,0.9139,15524.0,15530.0,15551.0,15624.0
2023-12-21,1.4701,29.138,34.855,15525.0,1305.2,0.6391,1.0346,0.9082,15458.0,15451.0,15502.0,15566.0
2023-12-22,1.473,29.2096,34.59,15483.0,1302.9,0.63914,1.0356,0.9089,15468.0,15475.0,15496.0,15570.0
2023-12-25,1.4714,29.2255,34.61,15483.0,1302.9,0.63823,1.0338,0.9084,15473.0,15478.0,15502.0,15574.0
2023-12-26,1.4653,29.3208,34.575,15483.0,1294.3,0.63595,1.0289,0.9056,15410.0,15415.0,15438.0,15511.0
2023-12-27,1.4605,29.3851,34.38,15430.0,1294.2,0.63489,1.0297,0.9005,15392.0,15398.0,15421.0,15494.0
2023-12-28,1.4642,29.4527,34.14,15420.0,1288.1,0.6392,1.0354,0.9041,15443.0,15461.0,15479.0,15541.0
2023-12-29,1.4681,29.528,34.14,15397.0,1288.1,0.6424,1.0409,0.9059,15390.0,15396.0,15419.0,15495.0
2024-01-01,1.4678,29.528,34.14,15397.0,1288.1,0.64259,1.0418,0.9054,15405.0,15397.0,15420.0,15501.0
2024-01-02,1.4791,29.7282,34.274,15470.0,1311.2,0.64368,1.0418,0.914,15495.0,15499.0,15527.0,15607.0
2024-01-03,1.4855,29.7714,34.489,15522.0,1310.18,0.63895,1.0367,0.9155,15560.0,15569.0,15577.0,15672.0
2024-01-04,1.491,29.7535,34.45,15490.0,1310.15,0.6317,1.0308,0.9137,15519.0,15522.0,15545.0,15624.0
2024-01-05,1.4897,29.7961,34.691,15516.0,1315.89,0.6319,1.0299,0.9139,15521.0,15529.0,15546.0,15628.0
2024-01-08,1.4881,29.9025,35.028,15525.0,1315.85,0.63315,1.0317,0.9132,15506.0,15523.0,15544.0,15621.0
2024-01-09,1.4954,29.9592,34.952,15520.0,1315.8,0.63316,1.0351,0.9148,15540.0,15550.0,15572.0,15650.0
2024-01-10,1.4926,29.9661,34.982,15570.0,1320.25,0.62523,1.024,0.9113,15562.0,15576.0,15600.0,15679.0
2024-01-11,1.4953,30.0161,35.052,15549.0,1312.8,0.62734,1.0292,0.9114,15561.0,15573.0,15599.0,15678.0
2024-01-12,1.4958,30.0855,35.057,15550.0,1313.85,0.63019,1.032,0.9132,15555.0,15560.0,15592.0,15677.0
2024-01-15,1.5014,30.0827,34.95,15555.0,1320.25,0.62655,1.0303,0.9132,15552.0,15570.0,15594.0,15707.0
2024-01-16,1.5188,30.105,35.372,15591.0,1331.75,0.6247,1.0318,0.9195,15635.0,15650.0,15685.0,15788.0
2024-01-17,1.5262,30.1329,35.503,15640.0,1344.35,0.62016,1.0301,0.9189,15640.0,15656.0,15689.0,15799.0
2024-01-18,1.5214,30.1305,35.6,15620.0,1339.3,0.62053,1.0268,0.9194,15623.0,15641.0,15676.0,15783.0
2024-01-19,1.5158,30.1961,35.522,15615.0,1338.9,0.61938,1.0231,0.9176,15628.0,15645.0,15672.0,15784.0
2024-01-22,1.5221,30.2455,35.673,15635.0,1338.8,0.6204,1.0276,0.9189,15664.0,15682.0,15714.0,15819.0
2024-01-23,1.5199,30.2637,35.69,15630.0,1333.25,0.62091,1.0244,0.9213,15723.0,15743.0,15772.0,15875.0
2024-01-24,1.5204,30.2463,35.68,15710.0,1337.2,0.6228,1.0312,0.9187,15724.0,15743.0,15777.0,15880.0
2024-01-25,1.5186,30.2724,35.728,15825.0,1335.9,0.62438,1.0286,0.922,15817.0,15851.0,15897.0,16004.0
2024-01-26,1.5209,30.2749,35.658,15825.0,1336.29,0.62187,1.0266,0.9214,15797.0,15818.0,15858.0,15962.0
2024-01-29,1.5126,30.3477,35.426,15810.0,1335.63,0.62583,1.0255,0.9231,15833.0,15855.0,15899.0,16001.0
2024-01-30,1.5146,30.3539,35.39,15780.0,1329.5,0.62468,1.0261,0.922,15794.0,15818.0,15859.0,15960.0
2024-01-31,1.5226,30.3398,35.555,15783.0,1334.65,0.62906,1.0361,0.9244,15775.0,15808.0,15846.0,15939.0
2024-02-01,1.5216,30.3449,35.33,15765.0,1331.77,0.62819,1.0392,0.9198,15733.0,15757.0,15802.0,15897.0
2024-02-02,1.5356,30.4887,35.552,15660.0,1322.07,0.62472,1.0349,0.9269,15739.0,15758.0,15800.0,15901.0
2024-02-05,1.5425,30.5467,35.798,15705.0,1330.75,0.62607,1.0374,0.9309,15767.0,15779.0,15819.0,15925.0
2024-02-06,1.5329,30.4878,35.67,15730.0,1327.55,0.62848,1.0361,0.9298,15744.0,15765.0,15800.0,15900.0
2024-02-07,1.5337,30.5978,35.588,15635.0,1327.7,0.62647,1.0351,0.9284,15654.0,15674.0,15708.0,15799.0
2024-02-08,1.5404,30.6079,35.813,15635.0,1328.25,0.62138,1.0317,0.9278,15667.0,15686.0,15719.0,15811.0
2024-02-09,1.5328,30.6875,35.915,15635.0,1328.25,0.62107,1.0266,0.9273,15627.0,15645.0,15679.0,15766.0
2024-02-12,1.5312,30.7243,35.88,15595.0,1328.25,0.62158,1.0254,0.9284,15584.0,15608.0,15644.0,15731.0
2024-02-13,1.5495,30.7181,35.713,15595.0,1328.05,0.6193,1.0275,0.9338,15674.0,15695.0,15729.0,15817.0
2024-02-14,1.5406,30.7533,36.13,15595.0,1335.35,0.61895,1.0229,0.9322,15583.0,15608.0,15640.0,15745.0
2024-02-15,1.5326,30.7298,36.175,15620.0,1334.05,0.61915,1.0222,0.9283,15649.0,15671.0,15703.0,15795.0
2024-02-16,1.5311,30.8453,36.02,15620.0,1335.55,0.61776,1.0192,0.9279,15671.0,15695.0,15728.0,15829.0
2024-02-19,1.529,30.8525,36.039,15631.0,1335.06,0.61793,1.0184,0.9277,15647.0,15672.0,15706.0,15801.0
2024-02-20,1.527,30.9217,36.055,15660.0,1337.5,0.61683,1.018,0.9253,15669.0,15692.0,15730.0,15826.0
2024-02-21,1.5264,31.008,35.878,15635.0,1334.6,0.61494,1.0155,0.9243,15660.0,15681.0,15725.0,15817.0
2024-02-22,1.5251,30.8118,35.835,15590.0,1328.75,0.61381,1.0131,0.924,15597.0,15622.0,15662.0,15757.0
2024-02-23,1.5238,30.9166,36.112,15595.0,1331.1,0.61399,1.0122,0.9241,15610.0,15639.0,15677.0,15769.0
2024-02-26,1.529,31.1247,35.903,15630.0,1331.1,0.61155,1.0147,0.9216,15647.0,15675.0,15714.0,15807.0
2024-02-27,1.5282,31.1468,35.82,15640.0,1331.15,0.61272,1.0153,0.9222,15673.0,15698.0,15738.0,15834.0
2024-02-28,1.5394,31.2109,36.052,15685.0,1333.65,0.61224,1.0216,0.9227,15728.0,15756.0,15796.0,15891.0
2024-02-29,1.5391,31.2334,35.87,15715.0,1331.4,0.61705,1.0261,0.9255,15716.0,15744.0,15781.0,15871.0
2024-03-01,1.5321,31.354,35.945,15700.0,1331.4,0.61443,1.0207,0.9227,15722.0,15751.0,15787.0,15878.0
2024-03-04,1.5362,31.5755,35.815,15740.0,1331.35,0.61197,1.0205,0.9212,15769.0,15791.0,15829.0,15924.0
2024-03-05,1.5377,31.6514,35.815,15769.0,1334.5,0.61389,1.0247,0.9211,15760.0,15784.0,15824.0,15918.0
2024-03-06,1.5234,31.7708,35.693,15700.0,1334.35,0.61409,1.0196,0.9175,15675.0,15697.0,15736.0,15829.0
2024-03-07,1.5106,31.8932,35.544,15655.0,1330.78,0.61698,1.0203,0.9134,15634.0,15656.0,15695.0,15788.0
2024-03-08,1.5097,31.9397,35.42,15590.0,1319.75,0.6216,1.0263,0.9142,15579.0,15584.0,15622.0,15729.0
2024-03-11,1.512,32.0285,35.388,15590.0,1310.2,0.62286,1.029,0.9153,15520.0,15541.0,15581.0,15676.0
2024-03-12,1.5138,32.0656,35.57,15590.0,1310.85,0.61983,1.0252,0.9152,15558.0,15578.0,15607.0,15709.0
2024-03-13,1.5103,32.0857,35.732,15578.0,1314.35,0.61817,1.022,0.9134,15585.0,15608.0,15643.0,15736.0
2024-03-14,1.5195,32.147,35.623,15582.0,1317.75,0.61949,1.0245,0.9189,15624.0,15646.0,15681.0,15782.0
2024-03-15,1.5244,32.1156,35.775,15595.0,1329.9,0.61616,1.0226,0.9184,15656.0,15676.0,15706.0,15809.0
2024-03-18,1.5245,32.3103,35.98,15690.0,1333.7,0.61664,1.022,0.9198,15747.0,15768.0,15803.0,15902.0
2024-03-19,1.5309,32.3629,36.085,15715.0,1340.0,0.61003,1.0148,0.9203,15736.0,15761.0,15795.0,15886.0
2024-03-20,1.5183,32.3746,36.173,15715.0,1339.55,0.60533,1.0038,0.9156,15700.0,15742.0,15767.0,15853.0
2024-03-21,1.5221,32.0375,36.052,15660.0,1322.5,0.6073,1.0039,0.9208,15722.0,15737.0,15771.0,15873.0
2024-03-22,1.5349,32.0254,36.372,15780.0,1338.45,0.61097,1.0137,0.9252,15823.0,15848.0,15886.0,15980.0
2024-03-25,1.5291,32.1567,36.403,15798.0,1342.25,0.60938,1.0099,0.9227,15799.0,15825.0,15864.0,15957.0
2024-03-26,1.5307,32.2042,36.295,15790.0,1339.55,0.60918,1.01,0.9233,15836.0,15862.0,15901.0,15993.0
2024-03-27,1.5303,32.2922,36.415,15855.0,1348.7,0.6107,1.012,0.9236,15893.0,15917.0,15959.0,16055.0
2024-03-28,1.5347,32.3443,36.48,15855.0,1346.15,0.61256,1.0141,0.9269,15887.0,15911.0,15951.0,16046.0
2024-03-29,1.5336,32.3755,36.39,15855.0,1347.35,0.61233,1.0144,0.9268,15895.0,15918.0,15957.0,16051.0
2024-04-01,1.541,32.2757,36.423,15890.0,1349.3,0.61379,1.0161,0.9308,15955.0,15981.0,16021.0,16125.0
2024-04-02,1.5342,32.046,36.638,15897.0,1352.1,0.61268,1.0124,0.9285,15946.0,15948.0,15986.0,16102.0
2024-04-03,1.5233,31.9598,36.707,15920.0,1348.85,0.60834,1.0041,0.9228,15941.0,15968.0,16011.0,16113.0
2024-04-04,1.518,31.9164,36.713,15893.0,1346.95,0.60969,1.0031,0.9228,15914.0,15934.0,15980.0,16075.0
2024-04-05,1.5201,32.0466,36.645,15845.0,1352.7,0.60858,1.0024,0.9228,15905.0,15932.0,15974.0,16070.0
2024-04-08,1.5142,32.0162,36.645,15845.0,1353.25,0.60644,0.9972,0.9209,15919.0,15951.0,15990.0,16087.0
2024-04-09,1.5086,32.2604,36.365,15845.0,1354.95,0.60687,0.994,0.9211,15899.0,15923.0,15968.0,16062.0
2024-04-10,1.5355,32.3141,36.368,15845.0,1354.95,0.6078,1.0026,0.9309,15999.0,16023.0,16060.0,16166.0
2024-04-11,1.5296,32.2939,36.605,15845.0,1364.2,0.60829,0.9979,0.9323,16030.0,16056.0,16096.0,16193.0
2024-04-12,1.5464,32.3579,36.605,15845.0,1375.4,0.61317,1.0096,0.9396,16148.0,16185.0,16232.0,16334.0
2024-04-15,1.5523,32.4306,36.605,15845.0,1384.05,0.61009,1.0063,0.9412,16117.0,16139.0,16186.0,16281.0
2024-04-16,1.5621,32.4699,36.605,16175.0,1394.65,0.60866,1.0097,0.9417,16332.0,16370.0,16424.0,16533.0
2024-04-17,1.554,32.4698,36.777,16220.0,1386.8,0.60686,1.0065,0.937,16236.0,16278.0,16326.0,16422.0
2024-04-18,1.5573,32.5292,36.765,16175.0,1373.1,0.60752,1.0071,0.9396,16230.0,16261.0,16312.0,16418.0
2024-04-19,1.558,32.5355,36.86,16255.0,1382.3,0.60682,1.0077,0.9384,16236.0,16272.0,16327.0,16428.0
2024-04-22,1.5505,32.5206,36.995,16235.0,1379.4,0.6062,1.0013,0.9386,16260.0,16316.0,16354.0,16457.0
2024-04-23,1.5415,32.5546,37.06,16220.0,1378.35,0.60351,0.9957,0.9345,16165.0,16192.0,16248.0,16361.0
2024-04-24,1.5389,32.5673,37.02,16154.0,1369.4,0.60166,0.9912,0.9347,16247.0,16279.0,16332.0,16445.0
2024-04-25,1.5319,32.4927,37.022,16188.0,1374.8,0.59894,0.984,0.9324,16181.0,16212.0,16269.0,16371.0
2024-04-26,1.5306,32.509,36.96,16210.0,1375.3,0.59059,0.9666,0.9352,16242.0,16270.0,16330.0,16443.0
2024-04-29,1.5228,32.5366,37.033,16255.0,1377.25,0.59674,0.9741,0.9328,16252.0,16292.0,16348.0,16453.0
2024-04-30,1.5449,32.4229,37.057,16260.0,1382.1,0.59444,0.979,0.9376,16278.0,16304.0,16358.0,16466.0
2024-05-01,1.5331,32.4877,37.057,16260.0,1382.1,0.60414,0.9921,0.9335,16240.0,16242.0,16299.0,16431.0
2024-05-02,1.5232,32.3774,36.95,16185.0,1375.85,0.60663,0.9913,0.9324,16157.0,16201.0,16235.0,16340.0
2024-05-03,1.5129,32.3391,36.79,16084.0,1363.0,0.6072,0.9885,0.9292,16033.0,16060.0,16094.0,16190.0
2024-05-06,1.5093,32.2601,36.79,16025.0,1363.0,0.60329,0.9806,0.9286,16043.0,16069.0,16116.0,16231.0
2024-05-07,1.5157,32.2652,36.9,16049.0,1359.95,0.60107,0.9798,0.9298,16084.0,16110.0,16155.0,16266.0
2024-05-08,1.5227,32.2694,36.985,16045.0,1362.75,0.59887,0.98,0.9305,16061.0,16090.0,16139.0,16249.0
2024-05-08,1.5199,32.2515,36.958,16045.0,1362.75,0.59817,0.9772,0.9304,16079.0,16107.0,16159.0,16267.0
2024-05-09,1.5106,32.2568,36.935,16045.0,1370.0,0.59651,0.9717,0.9275,16036.0,16068.0,16119.0,16228.0
2024-05-10,1.5143,32.3066,36.72,16045.0,1368.05,0.59606,0.9721,0.9285,16071.0,16098.0,16148.0,16260.0
2024-05-13,1.5133,32.2911,36.815,16080.0,1368.25,0.59328,0.9686,0.9268,16124.0,16140.0,16201.0,16314.0
2024-05-14,1.509,32.2922,36.665,16104.0,1369.15,0.59083,0.9647,0.9243,16116.0,16147.0,16197.0,16305.0
2024-05-15,1.494,32.217,36.535,16028.0,1369.15,0.59315,0.9646,0.9187,15928.0,15961.0,16007.0,16116.0
2024-05-16,1.4973,32.2781,36.14,15925.0,1345.1,0.59213,0.9634,0.9202,15936.0,15962.0,16011.0,16117.0
2024-05-17,1.4941,32.2295,36.205,15955.0,1355.15,0.59102,0.9597,0.92,15966.0,15991.0,16039.0,16152.0
2024-05-20,1.4998,32.2093,36.03,15975.0,1355.85,0.5894,0.9598,0.9211,16039.0,16058.0,16089.0,16210.0
2024-05-21,1.5003,32.1986,36.315,15995.0,1363.3,0.58987,0.9606,0.9213,16013.0,16038.0,16079.0,16195.0
2024-05-22,1.5106,32.1904,36.315,15993.0,1362.85,0.58921,0.9634,0.924,16046.0,16070.0,16117.0,16229.0
2024-05-23,1.5137,32.1854,36.525,15993.0,1362.35,0.58916,0.9646,0.9246,16100.0,16124.0,16169.0,16281.0
2024-05-24,1.5087,32.2273,36.685,15993.0,1369.45,0.58718,0.961,0.9219,16050.0,16081.0,16120.0,16230.0
2024-05-27,1.5029,32.179,36.625,16065.0,1363.85,0.58696,0.9579,0.9209,16082.0,16106.0,16151.0,16265.0
2024-05-28,1.5038,32.234,36.635,16090.0,1358.35,0.58598,0.9568,0.9211,16126.0,16150.0,16187.0,16307.0
2024-05-29,1.5128,32.2544,36.748,16160.0,1364.9,0.5872,0.9595,0.9258,16245.0,16262.0,16314.0,16426.0
2024-05-30,1.5076,32.2214,36.802,16260.0,1379.45,0.58873,0.9613,0.9232,16242.0,16274.0,16316.0,16429.0
2024-05-31,1.5031,32.248,36.787,16250.0,1385.0,0.58601,0.9555,0.9218,16267.0,16291.0,16338.0,16445.0
2024-06-03,1.4949,32.1908,36.787,16230.0,1376.1,0.58757,0.9578,0.9171,16219.0,16249.0,16294.0,16400.0
2024-06-04,1.5039,32.5837,36.588,16220.0,1376.05,0.59341,0.971,0.9192,16298.0,16325.0,16367.0,16473.0
2024-06-05,1.5043,32.2587,36.685,16285.0,1372.95,0.58933,0.9636,0.9201,16322.0,16348.0,16393.0,16500.0
2024-06-06,1.5001,32.238,36.475,16260.0,1372.95,0.59009,0.964,0.9183,16249.0,16277.0,16323.0,16430.0
2024-06-07,1.5193,32.3605,36.502,16195.0,1365.5,0.59057,0.9696,0.9258,16292.0,16315.0,16356.0,16470.0
2024-06-10,1.5128,32.3682,36.76,16309.0,1374.65,0.59152,0.9633,0.9289,16322.0,16348.0,16394.0,16505.0
2024-06-11,1.5137,32.3687,36.743,16290.0,1378.3,0.5925,0.9634,0.931,16316.0,16335.0,16383.0,16491.0
2024-06-12,1.5006,32.317,36.685,16295.0,1376.1,0.59031,0.9575,0.9252,16245.0,16274.0,16317.0,16425.0
2024-06-13,1.5069,32.3175,36.655,16270.0,1373.9,0.59307,0.9596,0.9313,16289.0,16307.0,16357.0,16469.0
2024-06-14,1.5116,32.7746,36.765,16400.0,1379.25,0.59367,0.9605,0.9343,16505.0,16533.0,16578.0,16707.0
2024-06-17,1.5121,32.8531,36.813,16400.0,1381.15,0.59062,0.9587,0.9316,16484.0,16516.0,16568.0,16695.0
2024-06-18,1.5024,32.5836,36.83,16400.0,1381.2,0.58987,0.9517,0.9311,16425.0,16426.0,16481.0,16597.0
2024-06-19,1.4985,32.5342,36.677,16365.0,1381.75,0.58877,0.948,0.9307,16401.0,16419.0,16469.0,16601.0
2024-06-20,1.5025,32.8428,36.775,16430.0,1384.65,0.58793,0.9453,0.9344,16507.0,16538.0,16590.0,16712.0
2024-06-21,1.5057,32.8477,36.66,16450.0,1388.25,0.58519,0.9422,0.9352,16483.0,16511.0,16558.0,16691.0
2024-06-24,1.5022,32.9235,36.685,16394.0,1389.1,0.58367,0.941,0.9317,16402.0,16433.0,16482.0,16602.0
2024-06-25,1.5044,32.9498,36.647,16375.0,1387.4,0.58446,0.942,0.9333,16409.0,16438.0,16485.0,16608.0
2024-06-26,1.5043,32.8471,36.82,16405.0,1388.75,0.58223,0.9354,0.9363,16443.0,16469.0,16520.0,16641.0
2024-06-27,1.5045,32.849,36.87,16398.0,1385.9,0.58111,0.9358,0.9342,16399.0,16426.0,16476.0,16588.0
2024-06-28,1.4993,32.7609,36.702,16375.0,1376.5,0.58021,0.9319,0.9334,16363.0,16392.0,16440.0,16558.0
2024-07-01,1.5015,32.6555,36.715,16322.0,1383.75,0.57662,0.9299,0.9311,16387.0,16399.0,16448.0,16575.0
2024-07-02,1.4999,32.5547,36.857,16395.0,1386.85,0.57636,0.929,0.9306,16397.0,16422.0,16467.0,16586.0
2024-07-03,1.4914,32.5566,36.763,16370.0,1386.4,0.57324,0.9223,0.9271,16356.0,16375.0,16423.0,16543.0
2024-07-04,1.4867,32.576,36.63,16330.0,1381.05,0.57353,0.9218,0.9249,16357.0,16366.0,16409.0,16529.0
2024-07-05,1.4817,32.6352,36.58,16278.0,1380.95,0.57386,0.9218,0.9225,16265.0,16287.0,16332.0,16451.0
2024-07-08,1.4843,32.6984,36.463,16255.0,1383.45,0.5744,0.9229,0.9239,16291.0,16309.0,16355.0,16480.0
2024-07-09,1.4835,32.8769,36.395,16250.0,1383.5,0.57325,0.9196,0.9248,16282.0,16300.0,16348.0,16469.0
2024-07-10,1.4821,32.8541,36.4,16240.0,1384.0,0.571,0.9165,0.9234,16215.0,16243.0,16286.0,16403.0
2024-07-11,1.4794,32.8395,36.27,16195.0,1372.35,0.57904,0.9312,0.9201,16113.0,16137.0,16181.0,16296.0
2024-07-12,1.4741,33.0344,36.193,16138.0,1375.35,0.58063,0.9338,0.9168,16115.0,16141.0,16188.0,16305.0
2024-07-15,1.4794,33.0107,36.208,16170.0,1383.55,0.5806,0.936,0.9179,16201.0,16220.0,16268.0,16391.0
2024-07-16,1.4851,33.0484,36.105,16180.0,1385.5,0.57924,0.9378,0.9175,16175.0,16198.0,16251.0,16381.0
2024-07-17,1.4861,33.0795,35.937,16140.0,1379.72,0.58517,0.9515,0.9141,16156.0,16170.0,16217.0,16347.0
2024-07-18,1.4912,33.0759,35.967,16157.0,1383.55,0.58319,0.9475,0.9177,16198.0,16218.0,16268.0,16395.0
2024-07-19,1.4959,33.0322,36.277,16190.0,1390.65,0.58359,0.9499,0.9189,16226.0,16249.0,16301.0,16440.0
2024-07-22,1.5055,32.912,36.277,16220.0,1388.45,0.58464,0.9587,0.9182,16229.0,16256.0,16306.0,16447.0
2024-07-23,1.5117,32.8596,36.21,16210.0,1386.1,0.59215,0.9717,0.9213,16229.0,16253.0,16304.0,16446.0
2024-07-24,1.5194,32.8257,36.165,16215.0,1379.95,0.59943,0.9876,0.9225,16255.0,16274.0,16325.0,16470.0
2024-07-25,1.5295,33.0066,36.147,16250.0,1383.15,0.59912,0.9936,0.922,16343.0,16367.0,16420.0,16564.0
2024-07-26,1.5273,32.9477,36.06,16290.0,1383.95,0.59912,0.9935,0.9211,16290.0,16325.0,16379.0,16527.0
2024-07-29,1.527,33.0802,36.06,16280.0,1382.85,0.59994,0.9913,0.9241,16310.0,16333.0,16388.0,16543.0
2024-07-30,1.5296,33.0899,35.985,16300.0,1384.45,0.6053,1.0014,0.9246,16336.0,16361.0,16415.0,16577.0
2024-07-31,1.5287,33.1438,35.65,16260.0,1371.2,0.61584,1.0191,0.9237,16254.0,16299.0,16355.0,16502.0
2024-08-01,1.5381,33.1108,35.605,16235.0,1369.65,0.62048,1.0301,0.9267,16287.0,16309.0,16368.0,16530.0
2024-08-02,1.5358,33.2185,35.357,16200.0,1361.15,0.62545,1.0483,0.9165,16178.0,16227.0,16289.0,16452.0
2024-08-05,1.539,33.3657,35.228,16185.0,1368.9,0.6333,1.0676,0.9131,16225.0,16255.0,16328.0,16518.0
2024-08-06,1.5337,33.5988,35.53,16165.0,1377.8,0.63377,1.0627,0.9148,16175.0,16214.0,16281.0,16473.0
2024-08-07,1.5339,33.4725,35.67,16035.0,1374.8,0.62402,1.0457,0.9155,16036.0,16084.0,16149.0,16328.0
2024-08-08,1.5169,33.5149,35.37,15895.0,1377.4,0.6218,1.0301,0.9159,15982.0,15995.0,16063.0,16255.0
2024-08-09,1.5203,33.495,35.29,15925.0,1365.1,0.62479,1.0377,0.916,15955.0,15983.0,16052.0,16234.0
2024-08-12,1.5183,33.5805,35.29,15955.0,1370.2,0.62143,1.0315,0.9148,15957.0,16001.0,16066.0,16209.0
2024-08-13,1.5075,33.5448,35.16,15833.0,1366.4,0.61943,1.0266,0.9097,15758.0,15812.0,15869.0,16031.0
2024-08-14,1.5157,33.6088,34.94,15678.0,1360.8,0.61639,1.0289,0.9081,15627.0,15662.0,15718.0,15905.0
2024-08-15,1.5124,33.6418,34.975,15695.0,1360.8,0.61054,1.0133,0.9114,15775.0,15792.0,15861.0,16033.0
2024-08-16,1.4995,33.6908,35.025,15690.0,1351.75,0.61436,1.0156,0.9069,15688.0,15725.0,15787.0,15960.0
2024-08-19,1.4857,33.7526,34.407,15550.0,1333.76,0.61531,1.0133,0.9021,15554.0,15575.0,15641.0,15797.0
2024-08-20,1.4825,33.8853,34.205,15435.0,1330.75,0.61851,1.0203,0.8985,15450.0,15477.0,15536.0,15707.0
2024-08-21,1.4827,33.8815,34.333,15485.0,1333.8,0.61733,1.0208,0.8969,15507.0,15535.0,15594.0,15764.0
2024-08-22,1.4915,33.9297,34.347,15600.0,1343.25,0.61515,1.0195,0.8999,15751.0,15767.0,15815.0,16021.0
2024-08-23,1.4717,33.9835,34.265,15490.0,1330.0,0.6188,1.0191,0.8935,15415.0,15462.0,15521.0,15691.0
2024-08-26,1.4767,34.0026,33.975,15430.0,1329.35,0.61995,1.0218,0.896,15481.0,15504.0,15568.0,15749.0
2024-08-27,1.4721,34.0224,34.07,15495.0,1331.6,0.62111,1.0226,0.8941,15480.0,15519.0,15577.0,15757.0
2024-08-28,1.4738,34.0573,33.993,15425.0,1336.35,0.62195,1.0194,0.8993,15450.0,15483.0,15549.0,15732.0
2024-08-29,1.4709,34.0694,33.935,15415.0,1331.55,0.62264,1.0145,0.9027,15469.0,15501.0,15568.0,15756.0
2024-08-30,1.4783,34.0756,33.86,15455.0,1337.8,0.61923,1.0112,0.9051,15549.0,15571.0,15640.0,15835.0
2024-09-02,1.4726,33.8918,34.22,15525.0,1338.35,0.61471,1.0023,0.9032,15551.0,15587.0,15657.0,15838.0
2024-09-03,1.49,34.0047,34.256,15537.0,1341.03,0.62248,1.0242,0.9055,15559.0,15593.0,15660.0,15843.0
2024-09-04,1.4871,34.0136,34.23,15475.0,1335.5,0.62779,1.0346,0.9023,15462.0,15496.0,15562.0,15746.0
2024-09-05,1.4835,33.9465,33.665,15398.0,1334.55,0.62743,1.0341,0.9,15421.0,15448.0,15517.0,15705.0
2024-09-06,1.4991,33.9842,33.52,15365.0,1335.0,0.63395,1.0536,0.9022,15478.0,15500.0,15569.0,15764.0
2024-09-09,1.5013,34.0659,33.872,15456.0,1340.81,0.6328,1.0486,0.9062,15483.0,15511.0,15581.0,15778.0
2024-09-10,1.5032,34.0375,33.748,15450.0,1344.0,0.63703,1.0553,0.9075,15483.0,15515.0,15586.0,15776.0
2024-09-11,1.4983,33.9889,33.647,15400.0,1340.3,0.63789,1.0524,0.9081,15443.0,15470.0,15535.0,15730.0
2024-09-12,1.4876,33.901,33.75,15430.0,1342.0,0.63668,1.0489,0.903,15431.0,15465.0,15532.0,15722.0
2024-09-13,1.4916,33.9146,33.333,15400.0,1333.55,0.64114,1.0592,0.9029,15428.0,15468.0,15537.0,15719.0
2024-09-16,1.4811,34.0103,33.23,15400.0,1333.55,0.63883,1.0533,0.8983,15396.0,15434.0,15503.0,15688.0
2024-09-17,1.4803,34.0886,33.29,15335.0,1333.55,0.63187,1.0394,0.8998,15363.0,15394.0,15466.0,15661.0
2024-09-18,1.4783,34.0577,33.265,15340.0,1333.55,0.63221,1.0389,0.8994,15328.0,15361.0,15428.0,15596.0
2024-09-19,1.4675,34.0336,33.092,15238.0,1329.05,0.62815,1.0289,0.8959,15205.0,15253.0,15310.0,15473.0
2024-09-20,1.4691,34.1212,33.055,15150.0,1335.2,0.62243,1.0208,0.8959,15179.0,15207.0,15280.0,15449.0
2024-09-23,1.4624,34.1381,33.01,15200.0,1335.25,0.62668,1.0183,0.9,15205.0,15239.0,15308.0,15489.0
2024-09-24,1.4509,34.1194,32.862,15185.0,1331.3,0.62456,1.013,0.8945,15149.0,15183.0,15253.0,15432.0
2024-09-25,1.4656,34.1388,32.702,15100.0,1335.5,0.62053,1.0125,0.8982,15210.0,15237.0,15314.0,15496.0
2024-09-26,1.4501,34.1546,32.555,15166.0,1317.35,0.61784,1.0014,0.8947,15111.0,15144.0,15236.0,15378.0
2024-09-27,1.4486,34.1698,32.403,15125.0,1310.55,0.62991,1.0187,0.8959,15137.0,15176.0,15242.0,15412.0
2024-09-30,1.4464,34.1977,32.429,15196.0,1318.93,0.62529,1.0072,0.8981,15206.0,15236.0,15307.0,15473.0
2024-10-01,1.4528,34.2118,32.585,15200.0,1314.7,0.62934,1.012,0.9035,15263.0,15284.0,15347.0,15536.0
2024-10-02,1.4524,34.216,32.763,15265.0,1322.95,0.61814,0.9916,0.9054,15321.0,15353.0,15421.0,15589.0
2024-10-03,1.462,34.1231,33.095,15420.0,1322.95,0.61695,0.995,0.9065,15472.0,15506.0,15583.0,15749.0
2024-10-04,1.4716,34.2575,33.037,15485.0,1348.2,0.61273,0.9901,0.9112,15704.0,15741.0,15808.0,15975.0
2024-10-07,1.4799,34.2623,33.448,15680.0,1344.25,0.61493,0.9987,0.9111,15750.0,15787.0,15856.0,16033.0
2024-10-08,1.4829,34.2562,33.49,15645.0,1346.3,0.61447,1.0001,0.9107,15690.0,15724.0,15797.0,15966.0
2024-10-09,1.4885,34.2347,33.427,15620.0,1346.3,0.61218,0.9969,0.9141,15714.0,15745.0,15815.0,15988.0
2024-10-10,1.484,34.1888,33.59,15665.0,1354.0,0.6154,0.9986,0.9146,15703.0,15738.0,15807.0,15972.0
2024-10-11,1.4814,34.2826,33.342,15580.0,1350.95,0.6131,0.9934,0.9143,15597.0,15637.0,15706.0,15868.0
2024-10-14,1.4867,34.2707,33.342,15560.0,1357.8,0.61212,0.9927,0.9167,15581.0,15620.0,15689.0,15856.0
2024-10-15,1.4918,34.2221,33.36,15580.0,1364.8,0.61534,0.9998,0.918,15587.0,15626.0,15694.0,15864.0
2024-10-16,1.5,34.1756,33.198,15513.0,1364.55,0.6152,1.0023,0.9206,15588.0,15629.0,15691.0,15859.0
2024-10-17,1.4934,34.1309,33.217,15495.0,1372.5,0.61463,0.9942,0.9233,15544.0,15583.0,15649.0,15815.0
2024-10-18,1.4912,34.2321,33.162,15465.0,1368.8,0.61537,0.9973,0.9202,15498.0,15534.0,15600.0,15769.0
2024-10-21,1.5018,34.2366,33.42,15495.0,1378.2,0.61304,0.9956,0.9246,15559.0,15598.0,15664.0,15831.0
2024-10-22,1.4966,34.2585,33.502,15560.0,1377.3,0.61288,0.9906,0.926,15584.0,15624.0,15691.0,15855.0
2024-10-23,1.5074,34.2814,33.502,15620.0,1382.3,0.60715,0.9868,0.9275,15667.0,15709.0,15777.0,15940.0
2024-10-24,1.506,34.2478,33.667,15584.0,1380.55,0.60826,0.9919,0.9236,15632.0,15669.0,15740.0,15911.0
2024-10-25,1.5134,34.2819,33.787,15640.0,1390.1,0.60819,0.9941,0.9263,15713.0,15768.0,15838.0,16011.0
2024-10-28,1.519,34.2942,33.855,15725.0,1384.15,0.60337,0.9911,0.9249,15753.0,15797.0,15871.0,16039.0
2024-10-29,1.5242,34.2717,33.76,15760.0,1386.0,0.60269,0.9938,0.9243,15777.0,15826.0,15905.0,16074.0
2024-10-30,1.5215,34.2735,33.708,15700.0,1379.6,0.60043,0.9918,0.9212,15705.0,15753.0,15828.0,16003.0
2024-10-31,1.5193,34.2577,33.738,15697.0,1376.95,0.60432,0.9992,0.9188,15719.0,15763.0,15841.0,16009.0
2024-11-01,1.5245,34.3263,33.965,15732.0,1378.21,0.60335,0.9965,0.923,15848.0,15903.0,15977.0,16153.0
2024-11-04,1.5186,34.3457,33.713,15753.0,1375.95,0.60431,0.9981,0.9193,15799.0,15846.0,15924.0,16094.0
2024-11-05,1.5065,34.3112,33.603,15735.0,1380.05,0.60343,0.9935,0.9149,15765.0,15809.0,15886.0,16057.0
2024-11-06,1.5222,34.2073,34.167,15830.0,1400.75,0.60274,0.9842,0.932,15845.0,15899.0,15976.0,16143.0
2024-11-07,1.4973,34.2364,34.3,15735.0,1386.3,0.60524,0.9788,0.9255,15605.0,15742.0,15817.0,15999.0
2024-11-08,1.5191,34.3715,34.018,15670.0,1395.9,0.61124,0.9952,0.933,15679.0,15724.0,15802.0,15991.0
2024-11-11,1.5209,34.34,34.37,15680.0,1401.4,0.61047,0.9894,0.9385,15787.0,15798.0,15874.0,16092.0
2024-11-12,1.5307,34.3552,34.8,15780.0,1408.15,0.60882,0.99,0.9414,15811.0,15858.0,15933.0,16111.0
2024-11-13,1.5419,34.3553,34.675,15775.0,1404.0,0.60886,0.9919,0.9466,15857.0,15851.0,15923.0,16128.0
2024-11-14,1.5494,34.3365,35.097,15855.0,1401.6,0.60769,0.9915,0.9497,15989.0,15978.0,16064.0,16261.0
2024-11-15,1.5475,34.4388,34.823,15855.0,1398.45,0.61468,1.0026,0.9488,15928.0,15978.0,16055.0,16233.0
2024-11-18,1.5366,34.5354,34.798,15850.0,1396.4,0.60994,0.9933,0.9435,15868.0,15907.0,15984.0,16156.0
2024-11-19,1.5309,34.4873,34.6,15830.0,1392.8,0.61021,0.9899,0.9438,15869.0,15903.0,15976.0,16164.0
2024-11-20,1.5371,34.4671,34.717,15865.0,1400.45,0.6102,0.9888,0.9484,15931.0,15976.0,16052.0,16225.0
2024-11-21,1.5358,34.4865,34.638,15925.0,1398.6,0.61778,0.9937,0.9547,15893.0,15981.0,16048.0,16243.0
2024-11-22,1.5382,34.5655,34.575,15875.0,1406.0,0.62019,0.994,0.9599,15957.0,15996.0,16073.0,16244.0
2024-11-25,1.5375,34.5674,34.643,15870.0,1399.9,0.61788,0.9972,0.9528,15899.0,15942.0,16019.0,16194.0
2024-11-26,1.5444,34.6387,34.702,15930.0,1396.7,0.62268,1.0087,0.9534,15944.0,15989.0,16062.0,16242.0
2024-11-27,1.5392,34.6434,34.585,15930.0,1391.5,0.62629,1.0185,0.9464,15900.0,15934.0,16008.0,16172.0
2024-11-28,1.5387,34.648,34.44,15870.0,1394.55,0.6252,1.0153,0.9477,15881.0,15930.0,16005.0,16180.0
2024-11-29,1.5356,34.702,34.302,15845.0,1397.2,0.63133,1.0252,0.9455,15862.0,15906.0,15982.0,16145.0
2024-12-02,1.5444,34.7197,34.49,15900.0,1404.15,0.6368,1.0323,0.9525,15919.0,15963.0,16039.0,16213.0
2024-12-03,1.5419,34.7328,34.388,15940.0,1428.5,0.63608,1.0307,0.9516,15967.0,16007.0,16083.0,16261.0
2024-12-04,1.5552,34.7446,34.34,15930.0,1413.5,0.63164,1.0324,0.9514,15926.0,15958.0,16036.0,16214.0
2024-12-05,1.5498,34.7136,34.34,15860.0,1416.6,0.62925,1.0324,0.9447,15866.0,15917.0,15995.0,16161.0
2024-12-06,1.5647,34.7617,34.073,15850.0,1423.4,0.63078,1.0431,0.9463,15866.0,15910.0,15987.0,16165.0
2024-12-09,1.5529,34.8271,33.813,15865.0,1430.95,0.62658,1.0268,0.9475,15861.0,15906.0,15982.0,16162.0
2024-12-10,1.568,34.8565,33.813,15865.0,1431.75,0.62502,1.0318,0.9499,15913.0,15939.0,16013.0,16205.0
2024-12-11,1.5701,34.8805,33.893,15915.0,1429.85,0.62489,1.0297,0.9528,15965.0,15999.0,16077.0,16265.0
2024-12-12,1.5702,34.8954,33.838,15925.0,1431.0,0.62586,1.0287,0.9553,15977.0,16019.0,16097.0,16267.0
2024-12-13,1.5718,34.9574,34.127,15995.0,1435.45,0.61984,1.0233,0.9523,16050.0,16100.0,16182.0,16358.0
2024-12-16,1.5696,34.9549,34.073,16000.0,1436.85,0.61706,1.0181,0.9513,16069.0,16111.0,16197.0,16380.0
2024-12-17,1.5779,34.9813,34.268,16065.0,1437.25,0.621,1.0282,0.9532,16089.0,16156.0,16225.0,16405.0
2024-12-18,1.6083,35.0369,34.252,16090.0,1438.95,0.62385,1.0387,0.9659,16282.0,16319.0,16407.0,16585.0
2024-12-19,1.6029,35.0873,34.54,16290.0,1447.15,0.61297,1.0184,0.965,16379.0,16439.0,16531.0,16718.0
2024-12-20,1.5998,35.1939,34.27,16222.0,1444.95,0.61309,1.0227,0.9588,16221.0,16273.0,16364.0,16550.0
2024-12-23,1.6004,35.2136,34.213,16175.0,1451.65,0.6114,1.0182,0.961,16261.0,16294.0,16400.0,16574.0
2024-12-24,1.6034,35.0894,34.153,16195.0,1458.05,0.61198,1.0203,0.9617,16247.0,16293.0,16378.0,16584.0
2024-12-25,1.603,35.2147,34.215,16195.0,1458.05,0.61122,1.0197,0.9609,16238.0,16288.0,16349.0,16573.0
2024-12-26,1.6075,35.1712,34.268,16195.0,1470.55,0.60723,1.0175,0.9595,16222.0,16286.0,16380.0,16575.0
2024-12-27,1.6086,35.0801,34.107,16235.0,1470.9,0.60746,1.0191,0.9591,16230.0,16303.0,16406.0,16579.0
2024-12-30,1.6074,35.3134,34.095,16135.0,1471.95,0.61249,1.0248,0.9609,16215.0,16267.0,16353.0,16561.0
2024-12-31,1.616,35.3547,34.095,16102.0,1471.95,0.61429,1.0279,0.9659,16287.0,16364.0,16458.0,16649.0
2025-01-01,1.6163,35.3708,34.095,16102.0,1471.95,0.61405,1.0272,0.9656,16218.0,16231.0,16323.0,16649.0
2025-01-02,1.612,35.3478,34.28,16195.0,1471.35,0.6183,1.0234,0.9742,16255.0,16324.0,16420.0,16614.0
2025-01-03,1.6086,35.3663,34.458,16190.0,1470.85,0.61672,1.0226,0.9701,16230.0,16289.0,16381.0,16576.0
2025-01-06,1.601,35.3046,34.623,16195.0,1460.55,0.6105,1.0157,0.9624,16199.0,16264.0,16358.0,16547.0
2025-01-07,1.605,35.3317,34.478,16131.0,1451.75,0.61186,1.0154,0.9671,16221.0,16250.0,16341.0,16545.0
2025-01-08,1.6089,35.332,34.618,16195.0,1460.55,0.61198,1.0159,0.9691,16266.0,16310.0,16411.0,16586.0
2025-01-09,1.6141,35.338,34.627,16200.0,1459.75,0.61393,1.0206,0.9709,16244.0,16299.0,16394.0,16590.0
2025-01-10,1.6269,35.4298,34.58,16185.0,1471.3,0.61892,1.0317,0.9761,16319.0,16349.0,16443.0,16649.0
2025-01-13,1.6189,35.4814,34.792,16275.0,1467.9,0.61992,1.028,0.9761,16335.0,16406.0,16507.0,16698.0
2025-01-14,1.6143,35.4786,34.763,16265.0,1461.25,0.6141,1.022,0.9701,16329.0,16376.0,16470.0,16672.0
2025-01-15,1.6059,35.4515,34.728,16320.0,1455.75,0.62107,1.0263,0.9719,16394.0,16461.0,16557.0,16745.0
2025-01-16,1.6096,35.4333,34.6,16360.0,1458.25,0.62567,1.0374,0.9708,16421.0,16482.0,16578.0,16784.0
2025-01-17,1.6148,35.4478,34.46,16365.0,1457.35,0.62291,1.0332,0.9734,16409.0,16484.0,16565.0,16775.0
2025-01-20,1.5937,35.5733,34.298,16360.0,1440.25,0.61679,1.024,0.9601,16323.0,16363.0,16464.0,16662.0
2025-01-21,1.5938,35.6147,34.1,16335.0,1435.7,0.61671,1.025,0.959,16335.0,16399.0,16490.0,16685.0
2025-01-22,1.594,35.6508,33.82,16285.0,1435.95,0.6137,1.0183,0.9607,16265.0,16306.0,16272.0,16592.0
2025-01-23,1.5911,35.6496,34.015,16280.0,1435.25,0.61527,1.0197,0.9601,16235.0,16278.0,16362.0,16557.0
2025-01-24,1.5837,35.6719,33.647,16173.0,1430.5,0.6108,1.0153,0.9527,16181.0,16234.0,16318.0,16514.0
2025-01-27,1.5892,35.7446,33.695,16173.0,1430.5,0.61686,1.0286,0.9531,16205.0,16256.0,16336.0,16527.0
2025-01-28,1.5993,35.7325,33.91,16173.0,1430.5,0.61641,1.0283,0.9588,16271.0,16316.0,16387.0,16586.0
2025-01-29,1.6048,35.8107,33.765,16173.0,1430.5,0.61816,1.0337,0.9596,16260.0,16303.0,16380.0,16573.0
2025-01-30,1.6106,35.7791,33.728,16260.0,1430.5,0.62374,1.0438,0.9624,16295.0,16337.0,16412.0,16606.0
2025-01-31,1.6081,35.7448,33.673,16300.0,1454.3,0.62178,1.0373,0.965,16377.0,16398.0,16475.0,16689.0
2025-02-03,1.6059,35.9592,34.03,16435.0,1462.4,0.62464,1.0377,0.9667,16368.0,16434.0,16518.0,16694.0
2025-02-04,1.599,35.9424,33.83,16345.0,1450.75,0.62424,1.0357,0.9635,16338.0,16388.0,16453.0,16641.0
2025-02-05,1.5911,35.9129,33.585,16285.0,1444.0,0.62992,1.0427,0.9613,16328.0,16376.0,16456.0,16632.0
2025-02-06,1.5915,35.8863,33.783,16330.0,1447.25,0.63584,1.0507,0.9631,16355.0,16409.0,16487.0,16669.0
2025-02-07,1.5938,35.9869,33.874,16283.0,1454.56,0.63944,1.0528,0.9682,16356.0,16402.0,16473.0,16640.0
2025-02-10,1.593,36.0129,33.895,16345.0,1451.7,0.63829,1.048,0.9702,16366.0,16417.0,16493.0,16672.0
2025-02-11,1.5887,36.0431,34.063,16375.0,1452.7,0.63291,1.0418,0.9651,16369.0,16423.0,16505.0,16673.0
2025-02-12,1.5924,36.0998,34.063,16367.0,1455.25,0.62372,1.0313,0.9631,16404.0,16444.0,16523.0,16699.0
2025-02-13,1.5829,36.1395,33.823,16355.0,1448.45,0.62535,1.0359,0.9556,16281.0,16341.0,16416.0,16569.0
2025-02-14,1.5743,36.2367,33.62,16260.0,1441.05,0.62582,1.0336,0.9531,16204.0,16250.0,16318.0,16479.0
2025-02-17,1.5733,36.2351,33.713,16215.0,1442.6,0.62955,1.0382,0.9538,16242.0,16283.0,16354.0,16509.0
2025-02-18,1.5742,36.2812,33.693,16275.0,1440.65,0.62954,1.0352,0.9573,16336.0,16379.0,16449.0,16611.0
2025-02-19,1.5762,36.2999,33.693,16330.0,1441.95,0.63339,1.0405,0.9594,16370.0,16416.0,16488.0,16643.0
2025-02-20,1.5624,36.2875,33.658,16330.0,1435.7,0.63636,1.0441,0.9523,16276.0,16324.0,16395.0,16544.0
2025-02-21,1.5731,36.4269,33.612,16305.0,1434.05,0.64046,1.0538,0.9562,16323.0,16363.0,16428.0,16585.0
2025-02-24,1.5749,36.4355,33.507,16275.0,1430.15,0.6381,1.0521,0.9553,16300.0,16347.0,16417.0,16572.0
2025-02-25,1.5763,36.4427,33.782,16371.0,1433.93,0.63814,1.0577,0.9511,16344.0,16392.0,16472.0,16628.0
2025-02-26,1.586,36.464,33.708,16370.0,1433.4,0.63969,1.0638,0.9538,16389.0,16431.0,16506.0,16674.0
2025-02-27,1.6036,36.4396,33.915,16450.0,1446.75,0.642,1.0704,0.9617,16578.0,16599.0,16675.0,16853.0
2025-02-28,1.6107,36.4685,34.173,16580.0,1460.25,0.63986,1.0694,0.9638,16569.0,16619.0,16702.0,16875.0
2025-03-03,1.6065,36.4473,34.173,16480.0,1460.25,0.63776,1.0745,0.9535,16479.0,16527.0,16613.0,16778.0
2025-03-04,1.5943,36.4459,33.684,16445.0,1458.7,0.62814,1.0642,0.9411,16410.0,16457.0,16538.0,16691.0
2025-03-05,1.5785,36.4348,33.647,16313.0,1445.5,0.6225,1.0601,0.9269,16293.0,16345.0,16417.0,16583.0
2025-03-06,1.579,36.4144,33.745,16330.0,1447.55,0.62661,1.067,0.9272,16345.0,16389.0,16460.0,16628.0
2025-03-07,1.586,36.4635,33.647,16295.0,1449.45,0.62359,1.0712,0.9231,16314.0,16352.0,16424.0,16596.0
2025-03-10,1.5927,36.5546,33.79,16340.0,1455.1,0.62675,1.0815,0.923,16413.0,16452.0,16526.0,16691.0
2025-03-11,1.5877,36.5874,33.805,16405.0,1454.15,0.61975,1.0745,0.9158,16472.0,16524.0,16598.0,16779.0
2025-03-12,1.5821,36.5915,33.855,16445.0,1451.65,0.61952,1.0673,0.9185,16466.0,16516.0,16590.0,16769.0
2025-03-13,1.5912,36.611,33.768,16425.0,1455.35,0.62341,1.0766,0.9215,16401.0,16446.0,16510.0,16695.0
2025-03-14,1.5813,36.5739,33.67,16350.0,1453.35,0.61843,1.0638,0.9192,16353.0,16387.0,16459.0,16636.0
2025-03-17,1.5664,36.644,33.615,16400.0,1444.55,0.61362,1.0498,0.9155,16383.0,16428.0,16502.0,16664.0
2025-03-18,1.572,36.6879,33.577,16425.0,1451.45,0.61204,1.053,0.9137,16544.0,16594.0,16671.0,16833.0
2025-03-19,1.573,37.8983,33.638,16525.0,1463.5,0.61677,1.0578,0.9172,16565.0,16611.0,16685.0,16863.0
2025-03-20,1.5866,37.8024,33.698,16475.0,1467.75,0.61926,1.0663,0.9215,16502.0,16551.0,16624.0,16802.0
2025-03-21,1.5942,37.7298,33.865,16500.0,1465.75,0.61918,1.0679,0.9244,16540.0,16583.0,16659.0,16839.0
2025-03-24,1.5909,37.9761,33.955,16568.0,1469.19,0.61436,1.0556,0.9258,16598.0,16646.0,16725.0,16907.0
2025-03-25,1.5864,37.9765,33.943,16595.0,1463.15,0.6182,1.0583,0.9267,16629.0,16684.0,16764.0,16953.0
2025-03-26,1.5876,37.9938,33.978,16580.0,1468.05,0.61752,1.0542,0.9299,16648.0,16697.0,16778.0,16963.0
2025-03-27,1.5861,37.9613,33.933,16560.0,1465.05,0.61288,1.05,0.9258,16610.0,16663.0,16739.0,16927.0
2025-03-28,1.5907,37.9983,33.972,16560.0,1469.4,0.61633,1.0615,0.9235,16614.0,16663.0,16741.0,16924.0
2025-03-31,1.6008,37.9451,33.923,16560.0,1472.9,0.61654,1.0675,0.9245,16677.0,16736.0,16813.0,16993.0
2025-04-01,1.5928,37.9392,34.103,16560.0,1472.15,0.61932,1.0645,0.9266,16760.0,16817.0,16893.0,17078.0
2025-04-02,1.5875,37.9465,34.162,16560.0,1462.7,0.61716,1.0633,0.9214,16771.0,16813.0,16896.0,17068.0
2025-04-03,1.5801,37.9549,34.257,16560.0,1451.2,0.61948,1.0817,0.9048,16738.0,16796.0,16878.0,17057.0
2025-04-04,1.6556,37.9927,34.2,16560.0,1462.15,0.62094,1.1264,0.9128,17023.0,17066.0,17146.0,17342.0
2025-04-07,1.671,37.9866,34.2,16560.0,1472.0,0.62012,1.13,0.9164,16915.0,16971.0,17072.0,17228.0
2025-04-08,1.6777,37.9324,34.807,16865.0,1480.65,0.62389,1.1475,0.9126,17105.0,17164.0,17237.0,17408.0
2025-04-09,1.6251,37.9745,34.563,16865.0,1472.05,0.61802,1.0995,0.9133,16894.0,16973.0,17038.0,17291.0
2025-04-10,1.6067,37.9187,34.198,16800.0,1457.1,0.61804,1.1122,0.8928,16867.0,16917.0,16997.0,17209.0
2025-04-11,1.5902,37.8997,33.63,16795.0,1421.6,0.61349,1.108,0.8806,16843.0,16891.0,16986.0,17179.0
2025-04-14,1.5803,38.031,33.63,16775.0,1424.35,0.61597,1.1051,0.881,16818.0,16868.0,16955.0,17152.0
2025-04-15,1.5761,38.0854,33.63,16815.0,1428.25,0.6188,1.1003,0.8863,16847.0,16895.0,16982.0,17183.0
2025-04-16,1.5696,38.1413,33.25,16825.0,1415.9,0.6186,1.1066,0.8773,16828.0,16879.0,16972.0,17164.0
2025-04-17,1.5649,37.9893,33.293,16825.0,1416.55,0.61792,1.0987,0.8799,16886.0,16935.0,17028.0,17222.0
2025-04-18,1.5681,38.0095,33.443,16825.0,1423.8,0.61738,1.1032,0.8777,16866.0,16934.0,17018.0,17210.0
2025-04-21,1.5588,38.198,33.095,16805.0,1420.35,0.6166,1.1064,0.8685,16853.0,16889.0,16989.0,17182.0
2025-04-22,1.5707,38.2655,33.215,16855.0,1425.65,0.61835,1.1095,0.8755,16884.0,16927.0,17013.0,17209.0
2025-04-23,1.5723,38.3056,33.423,16865.0,1427.1,0.61612,1.0966,0.8837,16871.0,16925.0,17011.0,17197.0
2025-04-24,1.5606,38.3512,33.443,16870.0,1433.05,0.61563,1.0942,0.8779,16803.0,16848.0,16939.0,17146.0
2025-04-25,1.5637,38.4287,33.557,16830.0,1440.2,0.61242,1.0879,0.8799,16826.0,16872.0,16954.0,17145.0
2025-04-28,1.5549,38.43,33.665,16855.0,1436.45,0.61647,1.0947,0.8756,16817.0,16863.0,16946.0,17138.0
2025-04-29,1.5664,38.474,33.403,16762.0,1434.25,0.61707,1.1005,0.8782,16729.0,16773.0,16850.0,17042.0
2025-04-30,1.562,38.4933,33.417,16601.0,1424.3,0.61726,1.0918,0.8827,16579.0,16624.0,16707.0,16889.0
2025-05-01,1.5666,38.4483,33.417,16601.0,1424.3,0.60906,1.0774,0.8857,16627.0,16669.0,16746.0,16933.0
2025-05-02,1.5543,38.5527,33.063,16435.0,1401.1,0.61046,1.0703,0.8852,16488.0,16521.0,16598.0,16770.0
2025-05-05,1.546,38.5686,33.063,16435.0,1401.1,0.61496,1.0759,0.8838,16446.0,16487.0,16562.0,16735.0
2025-05-06,1.5397,38.6226,32.66,16450.0,1401.1,0.61766,1.0811,0.8796,16464.0,16508.0,16582.0,16762.0
2025-05-07,1.5566,38.6523,32.713,16536.0,1392.15,0.61524,1.0823,0.8849,16542.0,16590.0,16667.0,16848.0
2025-05-08,1.5625,38.624,32.835,16495.0,1404.95,0.61037,1.0709,0.8907,16578.0,16617.0,16693.0,16875.0
2025-05-09,1.5591,38.7594,33.018,16515.0,1398.1,0.6115,1.0729,0.8889,16593.0,16613.0,16689.0,16865.0
2025-05-12,1.5693,38.7831,33.018,16515.0,1418.3,0.60751,1.057,0.902,16723.0,16764.0,16838.0,17010.0
2025-05-13,1.5454,38.791,33.217,16515.0,1415.8,0.60623,1.0478,0.894,16637.0,16676.0,16753.0,16924.0
2025-05-14,1.5557,38.7715,33.215,16550.0,1403.5,0.60978,1.0601,0.8948,16571.0,16615.0,16702.0,16852.0
2025-05-15,1.561,38.7166,33.373,16515.0,1398.55,0.61369,1.0714,0.8939,16537.0,16577.0,16651.0,16815.0
2025-05-16,1.5611,38.8472,33.24,16440.0,1401.75,0.61507,1.0721,0.8958,16510.0,16551.0,16617.0,16783.0
2025-05-19,1.5486,38.7813,33.065,16430.0,1390.7,0.61408,1.069,0.8896,16455.0,16496.0,16563.0,16717.0
2025-05-20,1.5567,38.8361,33.065,16415.0,1394.0,0.61327,1.0773,0.8863,16428.0,16469.0,16531.0,16688.0
2025-05-21,1.5538,38.8699,32.792,16395.0,1371.4,0.61434,1.0814,0.8825,16367.0,16406.0,16469.0,16622.0
2025-05-22,1.5599,38.9258,32.825,16330.0,1383.0,0.61557,1.0833,0.8865,16380.0,16417.0,16482.0,16638.0
2025-05-23,1.5413,38.9767,32.577,16222.0,1366.0,0.61726,1.0798,0.8801,16265.0,16299.0,16363.0,16518.0
2025-05-26,1.5418,38.9552,32.62,16240.0,1370.4,0.61476,1.0794,0.8782,16273.0,16309.0,16372.0,16527.0
2025-05-27,1.5521,38.9752,32.725,16273.0,1376.4,0.61155,1.0752,0.8827,16304.0,16339.0,16400.0,16557.0
2025-05-28,1.5561,39.0994,32.62,16290.0,1375.2,0.61133,1.0741,0.8856,16309.0,16348.0,16410.0,16563.0
2025-05-29,1.5523,39.1071,32.77,16290.0,1370.9,0.61014,1.0766,0.8795,16312.0,16356.0,16419.0,16574.0
2025-05-30,1.5549,39.198,32.83,16290.0,1382.6,0.61178,1.0793,0.8813,16388.0,16418.0,16482.0,16643.0
2025-06-02,1.5396,39.1803,32.83,16248.0,1379.15,0.61241,1.0787,0.874,16316.0,16349.0,16410.0,16569.0
2025-06-03,1.5474,39.1477,32.83,16290.0,1379.15,0.61074,1.0746,0.8794,16360.0,16395.0,16453.0,16608.0
2025-06-04,1.5403,39.1706,32.71,16290.0,1364.85,0.61344,1.0788,0.8759,16316.0,16349.0,16407.0,16562.0
2025-06-05,1.5371,39.2775,32.513,16275.0,1355.75,0.60862,1.0709,0.8738,16273.0,16304.0,16364.0,16521.0
2025-06-06,1.5409,39.228,32.61,16275.0,1355.75,0.60588,1.0634,0.8775,16332.0,16369.0,16427.0,16574.0
2025-06-09,1.5346,39.2885,32.667,16275.0,1354.9,0.60555,1.0613,0.8755,16296.0,16328.0,16386.0,16539.0
2025-06-10,1.5333,39.1881,32.655,16273.0,1367.05,0.60405,1.0582,0.8753,16271.0,16306.0,16365.0,16512.0
2025-06-11,1.5382,39.17,32.638,16260.0,1369.05,0.60206,1.0639,0.8705,16275.0,16306.0,16363.0,16516.0
2025-06-12,1.5306,39.3529,32.463,16235.0,1356.3,0.60157,1.0667,0.8633,16235.0,16271.0,16325.0,16471.0
2025-06-13,1.5415,39.4185,32.435,16295.0,1363.25,0.60087,1.0694,0.8659,16308.0,16342.0,16407.0,16546.0
2025-06-16,1.5328,39.348,32.48,16265.0,1359.1,0.59755,1.0589,0.865,16305.0,16343.0,16402.0,16548.0
2025-06-17,1.5444,39.5059,32.573,16280.0,1372.9,0.59954,1.0628,0.8711,16360.0,16400.0,16467.0,16599.0
2025-06-18,1.5364,39.5244,32.612,16300.0,1373.25,0.60021,1.0587,0.8711,16357.0,16395.0,16453.0,16603.0
2025-06-19,1.5428,39.6233,32.757,16395.0,1380.3,0.59796,1.0607,0.8699,16385.0,16425.0,16489.0,16656.0
2025-06-20,1.5499,39.6722,32.752,16385.0,1370.75,0.59408,1.0613,0.8679,16438.0,16475.0,16536.0,16684.0
2025-06-23,1.5481,39.6159,32.998,16485.0,1382.35,0.59102,1.0594,0.8637,16466.0,16521.0,16581.0,16725.0
2025-06-24,1.541,39.6037,32.665,16350.0,1359.25,0.59438,1.0633,0.8614,16305.0,16345.0,16409.0,16560.0
2025-06-25,1.5353,39.7599,32.662,16290.0,1361.6,0.59044,1.057,0.8577,16302.0,16337.0,16400.0,16550.0
2025-06-26,1.5276,39.7752,32.475,16205.0,1353.55,0.59184,1.058,0.8547,16208.0,16250.0,16312.0,16457.0
2025-06-27,1.5316,39.9005,32.618,16205.0,1361.55,0.58986,1.0586,0.8534,16251.0,16288.0,16352.0,16495.0
2025-06-30,1.5196,39.8135,32.502,16238.0,1353.75,0.58904,1.055,0.8484,16182.0,16213.0,16276.0,16424.0
2025-07-01,1.5191,39.8398,32.43,16198.0,1357.95,0.59062,1.0592,0.847,16219.0,16252.0,16313.0,16463.0
2025-07-02,1.5188,39.781,32.445,16242.0,1356.25,0.58995,1.0573,0.8475,16211.0,16247.0,16311.0,16464.0
2025-07-03,1.5218,39.8257,32.375,16198.0,1364.7,0.58689,1.0501,0.8505,16242.0,16278.0,16340.0,16491.0
2025-07-04,1.5253,39.8765,32.357,16185.0,1363.2,0.58759,1.056,0.849,16206.0,16240.0,16298.0,16450.0
2025-07-07,1.5406,39.9656,32.58,16230.0,1377.9,0.58468,1.0547,0.8541,16343.0,16381.0,16444.0,16578.0
2025-07-08,1.5313,40.048,32.533,16208.0,1371.65,0.58188,1.0449,0.8529,16284.0,16318.0,16376.0,16527.0
2025-07-09,1.5302,40.0486,32.698,16243.0,1374.95,0.58306,1.0458,0.8532,16266.0,16302.0,16357.0,16504.0
2025-07-10,1.5179,40.0877,32.698,16220.0,1373.0,0.58439,1.0378,0.8546,16233.0,16268.0,16325.0,16472.0
2025-07-11,1.5201,40.1747,32.505,16211.0,1377.15,0.58029,1.0313,0.8555,16244.0,16279.0,16335.0,16483.0
2025-07-14,1.5278,40.1803,32.39,16245.0,1383.0,0.58034,1.0343,0.8573,16292.0,16324.0,16384.0,16532.0
2025-07-15,1.5351,40.2155,32.408,16260.0,1387.5,0.57904,1.0313,0.862,16289.0,16321.0,16382.0,16523.0
2025-07-16,1.5318,40.246,32.533,16278.0,1389.75,0.58094,1.0358,0.859,16310.0,16351.0,16406.0,16550.0
2025-07-17,1.5412,40.3133,32.52,16331.0,1392.1,0.58022,1.0371,0.8624,16353.0,16392.0,16445.0,16586.0
2025-07-18,1.5364,40.3784,32.38,16290.0,1390.65,0.5779,1.0325,0.8601,16342.0,16380.0,16432.0,16561.0
2025-07-21,1.5326,40.3879,32.362,16311.0,1382.7,0.58019,1.0399,0.8552,16343.0,16369.0,16424.0,16554.0
2025-07-22,1.5254,40.4163,32.307,16310.0,1380.9,0.58017,1.0403,0.8507,16283.0,16311.0,16363.0,16483.0
2025-07-23,1.5147,40.4553,32.162,16293.0,1376.15,0.57986,1.0339,0.8495,16294.0,16322.0,16374.0,16496.0
2025-07-24,1.5174,40.6976,32.263,16287.0,1372.0,0.57907,1.0322,0.8511,16317.0,16358.0,16408.0,16515.0
2025-07-25,1.523,40.5544,32.38,16315.0,1382.8,0.57673,1.0314,0.8517,16378.0,16411.0,16462.0,16581.0
2025-07-28,1.5335,40.5461,32.38,16342.0,1389.3,0.58086,1.0322,0.8629,16422.0,16453.0,16507.0,16626.0
2025-07-29,1.5362,40.5745,32.425,16398.0,1389.8,0.58335,1.0346,0.8661,16391.0,16424.0,16477.0,16594.0
2025-07-30,1.5543,40.5961,32.482,16393.0,1390.45,0.58643,1.0395,0.8768,16460.0,16499.0,16545.0,16664.0
2025-07-31,1.5563,40.6284,32.682,16455.0,1393.4,0.58103,1.0323,0.876,16504.0,16542.0,16596.0,16714.0
2025-08-01,1.5448,40.6438,32.862,16493.0,1389.3,0.58549,1.0487,0.8631,16390.0,16431.0,16483.0,16608.0
2025-08-04,1.5462,40.6631,32.452,16390.0,1385.05,0.58747,1.0512,0.8642,16385.0,16416.0,16469.0,16590.0
2025-08-05,1.545,40.6741,32.382,16381.0,1386.45,0.58526,1.0467,0.8639,16401.0,16435.0,16487.0,16609.0
2025-08-06,1.5377,40.6394,32.403,16363.0,1386.1,0.582,1.0435,0.8576,16362.0,16392.0,16448.0,16567.0
2025-08-07,1.5329,40.5992,32.32,16290.0,1386.5,0.58258,1.0419,0.8572,16320.0,16340.0,16389.0,16511.0
2025-08-08,1.5333,40.6754,32.333,16291.0,1388.0,0.58136,1.0378,0.859,16272.0,16292.0,16338.0,16454.0
2025-08-11,1.5354,40.6171,32.333,16274.0,1390.85,0.58113,1.0364,0.8609,16312.0,16334.0,16385.0,16495.0
2025-08-12,1.5315,40.7285,32.333,16289.0,1383.95,0.57936,1.036,0.8565,16265.0,16289.0,16337.0,16453.0
2025-08-13,1.5277,40.7736,32.263,16195.0,1379.6,0.57966,1.0366,0.8543,16116.0,16136.0,16178.0,16293.0
2025-08-14,1.5398,40.8333,32.368,16110.0,1390.35,0.58103,1.0419,0.8585,16183.0,16196.0,16241.0,16345.0
2025-08-15,1.5369,40.8526,32.427,16160.0,1390.35,0.58044,1.0442,0.8545,16208.0,16231.0,16267.0,16373.0
2025-08-18,1.5405,40.8787,32.463,16160.0,1387.95,0.57989,1.0417,0.8576,16223.0,16243.0,16282.0,16394.0
2025-08-19,1.5495,40.8928,32.51,16245.0,1391.45,0.58145,1.0493,0.8586,16294.0,16317.0,16355.0,16470.0
2025-08-20,1.5543,40.9307,32.55,16270.0,1397.4,0.58264,1.055,0.8583,16295.0,16308.0,16345.0,16457.0
2025-08-21,1.5576,40.9375,32.618,16285.0,1399.15,0.58065,1.0497,0.8616,16357.0,16375.0,16411.0,16520.0
2025-08-22,1.5406,40.9653,32.645,16345.0,1383.0,0.58067,1.0484,0.8534,16242.0,16265.0,16298.0,16405.0
2025-08-25,1.5427,41.0017,32.443,16253.0,1390.55,0.58241,1.0439,0.8607,16271.0,16297.0,16335.0,16446.0
2025-08-26,1.5397,41.0417,32.485,16295.0,1393.95,0.58266,1.0445,0.8589,16321.0,16344.0,16382.0,16495.0
2025-08-27,1.5371,41.0432,32.472,16360.0,1394.7,0.58289,1.0428,0.8592,16382.0,16408.0,16450.0,16557.0
2025-08-28,1.5309,41.0373,32.373,16345.0,1384.85,0.58254,1.0417,0.856,16363.0,16386.0,16423.0,16538.0
2025-08-29,1.5291,41.1446,32.393,16490.0,1389.9,0.58195,1.0398,0.8558,16442.0,16472.0,16510.0,16626.0
2025-09-01,1.5262,41.1178,32.315,16421.0,1393.45,0.58017,1.0367,0.8539,16460.0,16484.0,16521.0,16638.0
2025-09-02,1.5337,41.1423,32.39,16400.0,1395.75,0.57902,1.0338,0.8591,16460.0,16488.0,16530.0,16645.0
2025-09-03,1.5283,41.1569,32.347,16415.0,1389.35,0.57897,1.0318,0.8575,16480.0,16510.0,16551.0,16660.0
2025-09-04,1.5343,41.1585,32.333,16420.0,1395.3,0.57811,1.0333,0.8584,16476.0,16501.0,16543.0,16652.0
2025-09-05,1.525,41.2362,32.192,16420.0,1386.95,0.57894,1.0346,0.8534,16409.0,16426.0,16459.0,16580.0
2025-09-08,1.517,41.2371,31.865,16304.0,1387.35,0.57623,1.0282,0.8501,16515.0,16547.0,16525.0,16685.0
2025-09-09,1.5186,41.2609,31.665,16475.0,1388.45,0.5794,1.0303,0.8541,16479.0,16514.0,16554.0,16673.0
2025-09-10,1.5121,41.2724,31.788,16461.0,1388.5,0.5799,1.0254,0.8551,16464.0,16490.0,16538.0,16651.0
2025-09-11,1.5017,41.327,31.85,16462.0,1389.2,0.57878,1.0198,0.8522,16436.0,16465.0,16512.0,16634.0
2025-09-12,1.5041,41.356,31.712,16378.0,1393.55,0.57708,1.0183,0.8522,16423.0,16455.0,16497.0,16616.0
2025-09-15,1.4994,41.3246,31.888,16410.0,1386.3,0.57677,1.017,0.8502,16385.0,16414.0,16459.0,16577.0
2025-09-16,1.4958,41.2445,31.677,16440.0,1379.55,0.57536,1.0213,0.8427,16422.0,16468.0,16501.0,16621.0
2025-09-17,1.5031,41.2663,31.73,16430.0,1378.4,0.57585,1.0224,0.8465,16455.0,16496.0,16541.0,16650.0
2025-09-18,1.5124,41.29,31.798,16505.0,1388.05,0.5733,1.0219,0.8484,16602.0,16638.0,16680.0,16782.0
2025-09-19,1.5168,41.384,31.853,16588.0,1397.2,0.57539,1.0249,0.8513,16673.0,16713.0,16764.0,16863.0
2025-09-22,1.5153,41.366,31.798,16605.0,1391.25,0.57349,1.0256,0.8472,16619.0,16652.0,16701.0,16814.0
2025-09-23,1.5155,41.4074,31.81,16665.0,1394.6,0.57326,1.0264,0.8464,16674.0,16718.0,16763.0,16876.0
2025-09-24,1.5191,41.4403,32.002,16676.0,1404.3,0.57218,1.0202,0.8519,16751.0,16785.0,16835.0,16953.0
2025-09-25,1.529,41.4897,32.128,16750.0,1409.25,0.57227,1.0206,0.8572,16806.0,16851.0,16908.0,17019.0
2025-09-26,1.5286,41.4819,32.247,16738.0,1409.71,0.57154,1.0216,0.8545,16707.0,16741.0,16790.0,16907.0
2025-09-29,1.5205,41.5843,32.255,16680.0,1400.4,0.57385,1.0232,0.8528,16666.0,16696.0,16750.0,16844.0
2025-09-30,1.5121,41.5883,32.403,16665.0,1403.8,0.5761,1.0222,0.8523,16705.0,16740.0,16786.0,16896.0
2025-10-01,1.5121,41.5398,32.355,16610.0,1403.1,0.57958,1.0282,0.8524,16665.0,16703.0,16750.0,16858.0
2025-10-02,1.5161,41.6111,32.37,16588.0,1406.35,0.57964,1.0296,0.8536,16637.0,16665.0,16712.0,16818.0
2025-10-03,1.5141,41.656,32.393,16540.0,1406.35,0.57743,1.0271,0.8516,16577.0,16609.0,16656.0,16765.0
2025-10-06,1.5112,41.6956,32.448,16554.0,1406.35,0.56783,1.0051,0.8539,16613.0,16660.0,16703.0,16813.0
2025-10-07,1.5195,41.6991,32.513,16540.0,1406.35,0.56471,1.0003,0.8578,16614.0,16646.0,16693.0,16803.0
2025-10-08,1.5183,41.6972,32.533,16560.0,1406.35,0.56309,0.9942,0.86,16595.0,16628.0,16670.0,16783.0
2025-10-09,1.5253,41.7386,32.588,16545.0,1406.35,0.56488,0.9966,0.8647,16604.0,16641.0,16690.0,16796.0
2025-10-10,1.5447,41.819,32.72,16553.0,1425.3,0.56931,1.0219,0.8606,16632.0,16671.0,16719.0,16822.0
2025-10-13,1.535,41.8063,32.72,16560.0,1425.0,0.56752,1.0079,0.8643,16575.0,16610.0,16658.0,16766.0
2025-10-14,1.5417,41.8169,32.792,16575.0,1428.5,0.56738,1.0155,0.8616,16612.0,16651.0,16704.0,16808.0
2025-10-15,1.5355,41.8421,32.548,16565.0,1422.5,0.56833,1.0165,0.8586,16613.0,16640.0,16695.0,16799.0
2025-10-16,1.5421,41.8476,32.548,16573.0,1416.95,0.56874,1.025,0.8556,16593.0,16631.0,16680.0,16793.0
2025-10-17,1.5388,41.9207,32.66,16585.0,1422.15,0.56966,1.022,0.858,16591.0,16633.0,16686.0,16801.0
2025-10-20,1.5355,41.7871,32.702,16575.0,1420.4,0.56982,1.0185,0.859,16575.0,16608.0,16664.0,16780.0
2025-10-21,1.5413,41.9523,32.76,16590.0,1432.35,0.56744,1.0145,0.8621,16626.0,16665.0,16720.0,16833.0
2025-10-22,1.5413,41.9316,32.875,16575.0,1431.1,0.56678,1.0141,0.8613,16627.0,16668.0,16725.0,16836.0
2025-10-23,1.5356,41.93,32.875,16620.0,1437.4,0.56406,1.0062,0.8607,16630.0,16673.0,16735.0,16854.0
2025-10-24,1.5354,41.9445,32.772,16595.0,1439.2,0.56257,1.0044,0.86,16624.0,16672.0,16735.0,16854.0
2025-10-27,1.5254,41.8699,32.71,16615.0,1432.9,0.56173,0.9979,0.8587,16636.0,16680.0,16735.0,16863.0
2025-10-28,1.5186,41.9352,32.45,16605.0,1433.0,0.56426,0.9982,0.8583,16615.0,16648.0,16702.0,16825.0
2025-10-29,1.5211,41.9373,32.27,16619.0,1421.1,0.5644,0.9959,0.862,16601.0,16643.0,16696.0,16820.0
2025-10-30,1.5256,41.963,32.375,16640.0,1430.4,0.56096,0.9897,0.8647,16647.0,16685.0,16741.0,16860.0
2025-10-31,1.5279,42.062,32.34,16630.0,1430.0,0.56283,0.992,0.8668,16645.0,16678.0,16730.0,16848.0
2025-11-03,1.5297,42.0586,32.463,16657.0,1430.95,0.56293,0.9919,0.8681,16692.0,16725.0,16785.0,16904.0
2025-11-04,1.5409,41.8144,32.55,16700.0,1440.4,0.56682,1.0029,0.8709,16731.0,16773.0,16827.0,16942.0
2025-11-05,1.5373,42.0974,32.535,16705.0,1441.3,0.56462,0.9973,0.8701,16700.0,16740.0,16791.0,16905.0
2025-11-06,1.5433,42.1109,32.365,16694.0,1449.8,0.56579,1.0083,0.866,16717.0,16753.0,16805.0,16918.0
2025-11-07,1.5402,42.213,32.347,16685.0,1461.45,0.56358,1.0037,0.8646,16695.0,16732.0,16783.0,16900.0
2025-11-10,1.53,42.2351,32.365,16654.0,1456.45,0.56135,0.9926,0.8653,16706.0,16738.0,16785.0,16896.0
2025-11-11,1.532,42.2187,32.4,16689.0,1462.25,0.5601,0.9937,0.8634,16714.0,16749.0,16800.0,16914.0
2025-11-12,1.5284,42.2433,32.472,16703.0,1466.05,0.55813,0.9877,0.8638,16739.0,16783.0,16833.0,16943.0
2025-11-13,1.5316,42.2714,32.295,16727.0,1466.0,0.55617,0.9908,0.8596,16739.0,16770.0,16820.0,16932.0
2025-11-14,1.5295,42.2668,32.4,8.0,1451.35,0.5568,0.9899,0.8605,16727.0,16760.0,16811.0,16923.0
2025-11-17,1.54,42.3108,32.43,16729.0,1460.65,0.55562,0.9918,0.8627,16764.0,16796.0,16845.0,16954.0
2025-11-18,1.5367,42.341,32.44,16745.0,1462.25,0.55525,0.9879,0.8635,16753.0,16786.0,16840.0,16952.0
2025-11-19,1.5436,42.3423,32.412,16703.0,1468.3,0.55149,0.9821,0.8667,16736.0,16750.0,16810.0,16912.0
2025-11-20,1.5527,42.3689,32.443,16732.0,1472.15,0.55086,0.9863,0.8675,16755.0,16792.0,16844.0,16948.0
2025-11-21,1.5491,42.438,32.48,16700.0,1471.55,0.55531,0.9902,0.8686,16718.0,16740.0,16791.0,16905.0
2025-11-24,1.5471,42.426,32.482,16695.0,1476.4,0.55318,0.9858,0.868,16674.0,16705.0,16757.0,16871.0
2025-11-25,1.5458,42.4467,32.31,16662.0,1468.3,0.55386,0.9904,0.8643,16651.0,16686.0,16738.0,16851.0
2025-11-26,1.5343,42.4496,32.237,16662.0,1468.9,0.55112,0.9805,0.8624,16647.0,16684.0,16735.0,16864.0
2025-11-27,1.5304,42.4433,32.237,16643.0,1462.65,0.55174,0.9791,0.8624,16643.0,16676.0,16728.0,16849.0
2025-11-28,1.5266,42.49,32.195,16660.0,1467.3,0.55207,0.9776,0.8622,16653.0,16687.0,16743.0,16868.0
2025-12-01,1.5282,42.4161,31.993,16659.0,1467.25,0.55395,0.9828,0.8613,16626.0,16654.0,16707.0,16828.0
2025-12-02,1.5237,42.3608,32.005,16623.0,1469.0,0.55185,0.9771,0.8602,16623.0,16651.0,16705.0,16832.0
2025-12-03,1.5178,42.4464,31.927,16622.0,1465.65,0.55129,0.9757,0.8576,16638.0,16665.0,16715.0,16839.0
2025-12-04,1.5129,42.4658,32.04,16650.0,1473.5,0.55357,0.9751,0.8588,16669.0,16700.0,16752.0,16880.0
2025-12-05,1.506,42.5492,32.04,16644.0,1472.05,0.55283,0.9694,0.8589,16702.0,16731.0,16783.0,16919.0
2025-12-08,1.5097,42.5721,31.85,16690.0,1469.4,0.55109,0.9681,0.8593,16709.0,16741.0,16792.0,16920.0
2025-12-09,1.5056,42.589,31.815,16665.0,1469.7,0.54823,0.9597,0.8601,16686.0,16717.0,16770.0,16900.0
2025-12-10,1.4979,42.6057,31.815,16685.0,1471.0,0.54806,0.9602,0.855,16667.0,16697.0,16755.0,16892.0
2025-12-11,1.5037,42.6159,31.755,16675.0,1472.65,0.54828,0.9647,0.8545,16685.0,16720.0,16775.0,16912.0
2025-12-12,1.5032,42.695,31.59,16640.0,1477.8,0.54663,0.9647,0.8518,16652.0,16686.0,16741.0,16877.0
2025-12-15,1.5057,42.699,31.43,16668.0,1468.05,0.54815,0.9702,0.8508,16674.0,16699.0,16757.0,16891.0
2025-12-16,1.5072,42.7143,31.517,16692.0,1475.35,0.54952,0.9732,0.851,16697.0,16735.0,16786.0,16916.0
2025-12-17,1.5141,42.7109,31.5,16688.0,1474.6,0.54701,0.9723,0.8517,16691.0,16728.0,16783.0,16911.0
2025-12-18,1.5122,42.7397,31.467,16716.0,1474.4,0.54832,0.9721,0.8531,16706.0,16742.0,16794.0,16931.0
2025-12-19,1.5125,42.766,31.463,16745.0,1478.05,0.54139,0.9591,0.854,16717.0,16750.0,16805.0,16929.0
2025-12-22,1.5021,42.7575,31.18,16776.0,1480.7,0.54137,0.9564,0.8502,16791.0,16827.0,16881.0,17003.0
2025-12-23,1.4921,42.828,31.12,16780.0,1481.15,0.54285,0.9552,0.8478,16767.0,16801.0,16854.0,16981.0
2025-12-24,1.4905,42.8433,31.022,16762.0,1446.9,0.54466,0.9568,0.849,16755.0,16791.0,16845.0,16979.0
2025-12-25,1.4916,42.8788,31.092,16762.0,1446.9,0.54466,0.9572,0.8486,16760.0,16814.0,16870.0,16990.0
2025-12-26,1.489,42.8475,31.068,16762.0,1442.3,0.54251,0.951,0.8495,16782.0,16821.0,16877.0,17004.0
2025-12-29,1.494,42.9375,31.448,16788.0,1434.0,0.54417,0.9574,0.8494,16792.0,16829.0,16887.0,17016.0
2025-12-30,1.4936,42.9416,31.505,16769.0,1439.75,0.54408,0.9548,0.8512,16741.0,16774.0,16827.0,16958.0
2025-12-31,1.4985,42.9557,31.505,16690.0,1439.75,0.54336,0.9564,0.8514,16708.0,16738.0,16790.0,16909.0
2026-01-01,1.4993,42.9636,31.505,16690.0,1439.75,0.54304,0.9563,0.8514,16698.0,16726.0,16780.0,16901.0
2026-01-02,1.4942,43.0312,31.505,16725.0,1444.7,0.54406,0.9525,0.8533,16718.0,16752.0,16805.0,16926.0
2026-01-05,1.4894,43.0362,31.306,16740.0,1445.14,0.54546,0.9522,0.8531,16753.0,16786.0,16841.0,16966.0
2026-01-06,1.4842,43.0327,31.212,16758.0,1447.45,0.54606,0.9472,0.8555,16761.0,16792.0,16845.0,16971.0
2026-01-07,1.4878,43.0358,31.28,16775.0,1448.25,0.54634,0.9491,0.8566,16772.0,16802.0,16858.0,16987.0
2026-01-08,1.4927,43.0429,31.517,16793.0,1452.55,0.54671,0.9516,0.8577,16821.0,16857.0,16913.0,17047.0
2026-01-09,1.4955,43.0761,31.372,16819.0,1459.11,0.5443,0.9471,0.8593,16864.0,16900.0,16964.0,17091.0
2026-01-12,1.4902,43.1169,31.22,16855.0,1467.8,0.54198,0.9423,0.8571,16890.0,16927.0,16984.0,17124.0
2026-01-13,1.4965,43.1571,31.507,16877.0,1475.98,0.53959,0.9403,0.8589,16874.0,16915.0,16974.0,17106.0
2026-01-14,1.4965,43.1809,31.438,16865.0,1464.7,0.54197,0.9444,0.8588,16875.0,16913.0,16973.0,17105.0
2026-01-15,1.4928,43.2256,31.392,16885.0,1468.9,0.54305,0.941,0.8614,16903.0,16948.0,17001.0,17134.0
2026-01-16,1.4963,43.2797,31.403,16885.0,1474.85,0.54535,0.9464,0.8622,16924.0,16960.0,17022.0,17157.0
2026-01-19,1.4894,43.2659,31.255,16942.0,1473.2,0.543,0.9418,0.8587,16972.0,17018.0,17080.0,17216.0
2026-01-20,1.4845,43.2819,31.075,16950.0,1477.55,0.5392,0.9385,0.8529,16993.0,17034.0,17094.0,17238.0
2026-01-21,1.4789,43.2941,31.085,16935.0,1465.85,0.54054,0.9342,0.8558,16914.0,16954.0,17014.0,17158.0
2026-01-22,1.462,43.2734,31.39,16885.0,1465.15,0.53698,0.9227,0.8507,16838.0,16880.0,16937.0,17067.0
2026-01-23,1.4504,43.3724,31.195,16822.0,1464.0,0.54302,0.9316,0.8455,16796.0,16830.0,16889.0,17029.0
2026-01-26,1.4458,43.3662,31.077,16780.0,1441.95,0.54583,0.9375,0.8417,16752.0,16799.0,16843.0,16994.0
2026-01-27,1.4263,43.4003,31.048,16766.0,1438.15,0.54566,0.937,0.8305,16698.0,16722.0,16780.0,16909.0
2026-01-28,1.4203,43.4085,31.114,16722.0,1435.77,0.5453,0.9258,0.8365,16759.0,16792.0,16852.0,16990.0
2026-01-29,1.4186,43.4342,31.16,16750.0,1434.45,0.54564,0.9266,0.8354,16798.0,16836.0,16897.0,17037.0
2026-01-30,1.4361,43.4925,31.475,16785.0,1441.05,0.54522,0.928,0.8438,16786.0,16829.0,16888.0,17033.0
2026-02-02,1.4393,43.4573,31.568,16790.0,1451.85,0.54504,0.9249,0.8481,16773.0,16802.0,16862.0,17003.0
2026-02-03,1.4242,43.4848,31.535,16760.0,1447.45,0.54316,0.9141,0.8461,16768.0,16796.0,16858.0,16989.0
2026-02-04,1.429,43.5053,31.64,16775.0,1459.3,0.53995,0.9108,0.847,16811.0,16834.0,16894.0,17021.0
2026-02-05,1.4436,43.56,31.802,16830.0,1463.6,0.54066,0.9193,0.8491,16890.0,16929.0,16989.0,17121.0
2026-02-06,1.4259,43.6067,31.647,16866.0,1463.65,0.53829,0.9068,0.8464,16865.0,16901.0,16953.0,17096.0
2026-02-09,1.4098,43.5906,31.23,16803.0,1458.3,0.53833,0.9043,0.8393,16802.0,16830.0,16889.0,17025.0
2026-02-10,1.4133,43.6246,31.155,16800.0,1457.65,0.54451,0.9155,0.8407,16783.0,16818.0,16874.0,17008.0
2026-02-11,1.403,43.64,31.077,16783.0,1447.0,0.54958,0.9154,0.8424,16801.0,16835.0,16889.0,17027.0
2026-02-12,1.4104,43.6786,30.932,16818.0,1439.1,0.55154,0.9233,0.8424,16830.0,16857.0,16912.0,17045.0
2026-02-13,1.4139,43.7398,31.075,16839.0,1445.3,0.54923,0.9212,0.8431,16843.0,16872.0,16926.0,17057.0
2026-02-16,1.414,43.7094,31.092,16839.0,1444.1,0.54962,0.9211,0.8438,16850.0,16878.0,16932.0,17067.0
2026-02-17,1.4112,43.7187,31.23,16839.0,1444.1,0.55035,0.9206,0.8435,16865.0,16894.0,16947.0,17085.0
2026-02-18,1.42,43.7482,31.3,16884.0,1444.1,0.54813,0.9171,0.8487,16932.0,16964.0,17020.0,17157.0
2026-02-19,1.4172,43.7649,31.173,16880.0,1450.25,0.54797,0.914,0.8494,16913.0,16946.0,17004.0,17138.0
2026-02-20,1.4121,43.8366,31.193,16873.0,1446.7,0.54733,0.9104,0.8486,16877.0,16906.0,16959.0,17097.0
2026-02-23,1.4173,43.8424,31.007,16802.0,1443.11,0.54861,0.9163,0.8485,16839.0,16869.0,16921.0,17057.0
2026-02-24,1.4168,43.8575,31.013,16823.0,1440.55,0.54484,0.9088,0.8494,16840.0,16869.0,16922.0,17053.0
2026-02-25,1.4039,43.8721,31.083,16785.0,1427.05,0.54154,0.8978,0.8467,16783.0,16816.0,16869.0,16998.0
2026-02-26,1.4074,43.9219,31.037,16755.0,1433.45,0.54289,0.9014,0.8477,16766.0,16795.0,16846.0,16972.0
2026-02-27,1.405,43.9416,31.08,16771.0,1440.2,0.54245,0.9006,0.8466,16803.0,16836.0,16887.0,17020.0
2026-03-02,1.412,43.9588,31.417,16861.0,1440.2,0.54294,0.9,0.8519,16861.0,16892.0,16945.0,17082.0
